tree
version=v4
num_class=1
num_tree_per_iteration=1
label_index=0
max_feature_idx=18
objective=binary sigmoid:1
feature_names=tenure MonthlyCharges TotalCharges gender SeniorCitizen Partner Dependents PhoneService MultipleLines InternetService OnlineSecurity OnlineBackup DeviceProtection TechSupport StreamingTV StreamingMovies Contract PaperlessBilling PaymentMethod
feature_infos=[-1.309844558415169:1.6179159105679612] [-1.5374422741942326:1.7935815117036682] [-0.99983717625370316:2.8110276927368898] [0:1] [0:1] [0:1] [0:1] [0:1] [0:2] [0:2] [0:2] [0:2] [0:2] [0:2] [0:2] [0:2] [0:2] [0:1] [0:3]
tree_sizes=3355 3387 3406 3404 3421 3406 3425 3415 3411 3427 3413 3419 3421 3413 3420 3413 3424 3412 3420 3427 3408 3417 3422 3433 3420 3416 3420 3435 3420 3423 3440 3425 3433 3428 3423 3441 3405 3433 3428 3428 3423 3434 3433 3440 3444 3423 3434 3433 3426 3449 3433 3426 3437 3437 3421 3434 3433 3425 3436 3424 3430 3427 3428 3433 3419 3438 3432

Tree=0
num_leaves=31
num_cat=0
split_feature=16 10 0 9 10 9 1 1 2 0 1 0 16 2 0 2 1 18 8 1 2 16 1 0 13 0 1 0 18 2
split_gain=2444.52 358.534 179.678 134.108 126.755 74.9008 67.6518 65.7578 61.6828 60.0628 56.0016 50.724 44.0123 43.4384 30.4555 30.2694 26.4824 23.2431 22.5099 20.623 19.8737 18.9286 22.9115 18.2776 18.0743 17.6538 19.4702 17.5421 17.4314 16.7528
threshold=1.0000000180025095e-35 1.0000000180025095e-35 -0.88287949002179567 1.0000000180025095e-35 1.0000000180025095e-35 1.0000000180025095e-35 0.88987326485692841 1.2732646423070604 0.27915532982079072 -1.2488495486446869 -1.1731374804699726 1.1096241624806125 1.5000000000000002 -0.5042900604580034 0.9063074632456728 -0.85483891911239118 0.071639719043442976 1.5000000000000002 1.5000000000000002 0.55793267832001747 0.52537443257919858 1.5000000000000002 0.17454130086988542 0.82498078355169691 1.5000000000000002 -0.35425607201095283 0.97285841149115615 1.5569209007974796 1.5000000000000002 -0.93169381773809146
decision_type=2 2 2 2 2 2 2 2 2 2 2 2 2 2 2 2 2 2 2 2 2 2 2 2 2 2 2 2 2 2
left_child=1 2 5 16 12 15 9 21 -8 -3 -11 -9 17 29 18 -1 -4 25 20 -19 -5 22 -6 24 -15 -2 -27 -13 -16 -12
right_child=4 6 3 14 7 -7 8 11 -10 10 13 27 -14 23 28 -17 -18 19 -20 -21 -22 -23 -24 -25 -26 26 -28 -29 -30 -31
leaf_value=-0.895322260198404 -0.94720377533956279 -0.9252386933460035 -0.97219706212169432 -0.91594217394889221 -1.0674709096781154 -0.85896635071364824 -0.85909078740437461 -0.94489261938445102 -0.96816860052137166 -1.0218975202363438 -0.87558492509092611 -1.0116074576447713 -1.0446627212820661 -0.9695736718697916 -1.0121758376606462 -0.96769813127224702 -1.0863879230896403 -1.0008528838746902 -0.89154722430382993 -0.93934335007462388 -1.0054050958070162 -1.0783637835443995 -1.0229270299529618 -1.0863879230896403 -1.0406296282972156 -1.0537673516407555 -0.99034450787965911 -1.078894901016398 -0.92747707930605339 -0.94720377533956279
leaf_weight=125.33942025899887 8.9511113315820676 49.822324201464653 72.735114499926567 67.408729493618011 95.129454076290131 276.95165367424488 27.405818343162537 19.56645704805851 24.589803159236908 70.834213137626648 9.8500560075044614 20.362389713525772 53.081814587116241 34.365794777870178 9.3265192806720751 16.328221812844276 5.4583446383476248 24.275681123137474 183.30075398087502 31.066273629665375 6.8374046087265006 189.76601438224316 41.444952368736267 5.2634037584066382 12.100808367133139 25.46149554848671 23.0609190762043 18.474266827106476 17.422107368707657 47.73926043510437
leaf_count=337 30 153 267 199 465 616 61 65 89 305 24 85 244 125 39 59 28 98 484 101 28 954 179 27 55 120 90 93 54 160
internal_value=-0.958144 -0.913854 -0.896408 -0.922179 -1.04365 -0.874093 -0.962183 -1.0594 -0.910676 -0.973828 -0.987266 -1.01054 -1.00712 -0.964826 -0.906229 -0.903664 -0.980168 -0.989452 -0.900955 -0.966324 -0.924181 -1.06815 -1.05395 -0.998081 -0.988078 -1.01172 -1.02362 -1.04362 -0.957009 -0.934954
internal_weight=1613.72 1063.08 781.108 362.489 550.641 418.619 281.971 384.744 51.9956 229.976 180.154 58.4031 165.897 109.319 284.296 141.668 78.1935 112.815 257.547 55.342 74.2461 326.34 136.574 51.73 46.4666 57.4735 48.5224 38.8367 26.7486 57.5893
internal_count=5634 3110 2111 1099 2524 1012 999 1841 150 849 696 243 683 391 804 396 295 439 711 199 227 1598 644 207 180 240 210 178 93 184
is_linear=0
shrinkage=1


Tree=1
num_leaves=31
num_cat=0
split_feature=16 10 0 10 9 1 9 1 0 2 0 16 11 1 0 1 2 1 15 16 1 8 2 18 0 15 17 2 2 1
split_gain=2069 284.328 137.666 117.509 108.033 61.7468 56.0648 55.4201 50.1242 48.2014 45.9173 39.4471 34.5624 25.2407 24.0593 23.7603 20.2409 22.3964 20.169 18.3558 21.609 17.4177 16.279 16.1153 15.8269 17.115 15.6964 15.2383 15.1365 14.7485
threshold=1.0000000180025095e-35 1.0000000180025095e-35 -0.88287949002179567 1.0000000180025095e-35 1.0000000180025095e-35 1.2732646423070604 1.0000000180025095e-35 0.88987326485692841 -1.1675228689507111 0.27915532982079072 1.5569209007974796 1.5000000000000002 1.0000000180025095e-35 -0.30677254960863537 0.9063074632456728 0.071639719043442976 -0.5042900604580034 0.2674846651002204 1.5000000000000002 1.5000000000000002 0.17454130086988542 1.5000000000000002 0.52537443257919858 1.5000000000000002 -0.55757277124589233 1.5000000000000002 1.0000000180025095e-35 1.8799584991801996 2.215698838202306 0.028487442793644405
decision_type=2 2 2 2 2 2 2 2 2 2 2 2 2 2 2 2 2 2 2 2 2 2 2 2 2 2 2 2 2 2
left_child=1 2 6 11 15 19 13 8 26 -9 27 18 16 -1 21 24 -10 -18 -2 20 -5 22 -6 -20 25 -4 -3 -7 -13 -15
right_child=3 7 4 5 14 10 -8 9 12 -11 -12 28 -14 29 -16 -17 17 -19 23 -21 -22 -23 -24 -25 -26 -27 -28 -29 -30 -31
leaf_value=0.11134309031754715 -0.0047091183783763615 0.053791221737747745 0.046063710472992403 -0.047826456848470436 0.09278025095701499 0.067516991608602084 0.14092687241125235 0.14082412943461892 0.077311170877416222 0.046537192224901984 -0.05928403643561217 -0.038297757020016893 0.0040835839887565202 0.014110391383895984 0.056590659048042759 -0.066871658343273674 -0.032601872811941421 0.05676414432091801 0.018482629526568217 -0.058748403987066655 -0.0043787786580196482 0.11367270318387293 0.012200986050579267 0.063499482503824131 0.023444120711434126 0.12759006904007858 0.098042829024506839 0.0062953838341699379 0.030370112781717029 0.102346701473018
leaf_weight=129.54336559772491 34.794349625706673 46.045571014285088 21.671478897333145 92.917226374149323 70.580058872699738 20.218989923596382 296.94836135208607 29.383117496967316 35.86210110783577 25.163060367107391 17.943839192390442 42.531078517436981 88.010973528027534 11.513264656066896 27.504751056432724 5.2820388674736014 11.62677012383938 17.659585028886795 39.863613426685333 184.36572541296482 41.355430841445923 193.91715151071548 6.8787727355957022 39.659236878156662 43.466427803039551 9.1579704284667987 35.480532050132751 20.438546150922775 9.8916941881179792 8.0449303984642011
leaf_count=330 149 156 77 465 199 65 616 61 111 89 93 205 368 44 93 28 54 61 159 954 179 484 28 131 167 23 99 85 39 22
internal_value=0.0555452 0.0945838 0.109547 -0.024382 0.0873662 -0.0398319 0.128366 0.0519295 0.0413778 0.097328 0.00733789 0.0105724 0.024519 0.10335 0.101151 0.0355947 0.0521258 0.0212856 0.0270412 -0.048507 -0.0344447 0.105667 0.0856244 0.0409332 0.0428795 0.0702813 0.0730497 0.0367409 -0.0253408 0.0504049
internal_weight=1657.72 1113.74 824.509 543.98 378.459 377.24 446.05 289.232 234.686 54.5462 58.6014 166.74 153.159 149.102 298.881 79.5779 65.1485 29.2864 114.317 318.638 134.273 271.376 77.4588 79.5229 74.2959 30.8294 81.5261 40.6575 52.4228 19.5582
internal_count=5634 3110 2111 2524 1099 1841 1012 999 849 150 243 683 594 396 804 295 226 115 439 1598 644 711 227 290 267 100 255 150 244 66
is_linear=0
shrinkage=0.05


Tree=2
num_leaves=31
num_cat=0
split_feature=16 10 0 16 15 9 9 1 0 1 2 2 2 1 2 13 11 18 0 0 10 2 8 2 1 18 2 1 2 0
split_gain=1773.26 232.066 111.668 109.768 108.146 72.2586 62.7159 46.3761 44.2947 45.3945 40.8992 39.0921 31.3432 29.3964 33.3788 23.2108 21.0622 19.1599 21.2947 16.4068 16.0285 15.678 15.5643 15.1489 16.8726 13.1559 13.1501 13.0106 12.4965 12.3185
threshold=1.0000000180025095e-35 1.0000000180025095e-35 -0.63889945093986822 1.5000000000000002 1.5000000000000002 1.0000000180025095e-35 1.0000000180025095e-35 0.88987326485692841 -1.2488495486446869 -1.1731374804699726 -0.84721494832247746 0.27915532982079072 -0.5042900604580034 1.2732646423070604 2.4081436801298381 1.5000000000000002 1.5000000000000002 1.5000000000000002 0.78431744370470902 0.82498078355169691 1.0000000180025095e-35 0.39421796678556842 1.5000000000000002 -0.94853466387777108 0.29901902082122706 2.5000000000000004 -0.72719782889912477 0.55793267832001747 -0.93169381773809146 -0.59823611109288033
decision_type=2 2 2 2 2 2 2 2 2 2 2 2 2 2 2 2 2 2 2 2 2 2 2 2 2 2 2 2 2 2
left_child=1 2 6 4 20 15 10 8 -3 29 -1 -9 28 -5 -15 22 -12 18 -7 21 -2 -14 -4 -8 -25 -19 -18 -6 -11 -10
right_child=3 7 5 13 27 17 23 11 9 12 16 -13 19 14 -16 -17 26 25 -20 -21 -22 -23 -24 24 -26 -27 -28 -29 -30 -31
leaf_value=0.10100996025077941 -0.0044837030188502767 0.078643626560561147 0.056541132822082424 -0.054542515578889145 0.0078682204532626848 0.077527950768315701 0.14090650066579211 0.1267176091200781 0.0070118421262519775 0.1196214418988511 0.065428101448740256 0.043290270565779276 0.013652339740922609 0.018737251469962361 -0.066715088742680437 -0.03115044896650376 -0.070140409861326122 0.099976991991112915 0.0066866774149128214 -0.066959445600895201 -0.044021613089403527 0.08756167754011801 -0.027288811042092936 0.086332009240979668 0.12285168933360957 0.042920265806294197 0.04184445042062631 0.040051847731352855 0.060402727467472439 -0.042530596145593909
leaf_weight=141.90263424813747 34.718424960970879 53.541333884000778 32.934611365199089 214.02982868254185 47.288075223565102 65.466269508004189 99.018721371889114 30.976347029209137 55.059974953532219 10.808466002345083 29.524933129549026 25.683812320232391 38.613554760813713 31.913113534450531 17.802862197160721 14.686652973294256 5.5228994190692902 151.73758243024349 12.659476712346075 5.1040064394474021 97.957568451762199 8.8127557784318906 6.6559345275163642 36.243567332625389 248.33929307758808 10.823577180504797 4.9901191443204862 93.481060206890106 50.683011904358864 16.25020244717598
leaf_count=347 149 153 110 1127 196 180 177 61 227 24 92 89 154 129 95 67 27 376 50 27 495 26 30 91 511 35 18 333 160 78
internal_value=0.0515783 0.0864582 0.0995867 -0.0234837 -0.00128638 0.0746463 0.112595 0.0482318 0.0385853 0.0270127 0.0884177 0.0889003 0.0465821 -0.0464973 -0.0118625 0.0225331 0.0437882 0.0863983 0.0660488 0.0182193 -0.0336754 0.0273862 0.0424477 0.124062 0.118201 0.0961781 -0.0169856 0.0292405 0.0708117 -0.00427792
internal_weight=1693.23 1156.04 860.506 537.191 273.445 294.964 565.542 295.533 238.873 185.332 181.941 56.6602 114.022 263.746 49.716 54.2772 40.038 240.687 78.1257 52.5303 132.676 47.4263 39.5905 383.602 284.583 162.561 10.513 140.769 61.4915 71.3102
internal_count=5634 3110 2111 2524 1173 848 1263 999 849 696 484 150 391 1351 224 207 137 641 230 207 644 180 140 779 602 411 45 529 184 305
is_linear=0
shrinkage=0.05


Tree=3
num_leaves=31
num_cat=0
split_feature=16 10 10 0 9 1 9 1 0 0 1 2 2 16 2 13 11 18 16 1 18 0 0 1 1 0 13 5 8 2
split_gain=1534.99 193.621 103.306 92.3136 61.0406 54.829 51.7728 39.4623 39.2607 37.751 39.8022 34.0705 32.6366 31.5741 26.8125 20.6433 18.3095 17.9735 17.1707 19.2673 15.7698 18.1812 15.6325 16.2165 15.1231 15.0003 15.0575 14.1993 13.6157 13.4997
threshold=1.0000000180025095e-35 1.0000000180025095e-35 1.0000000180025095e-35 -0.63889945093986822 1.0000000180025095e-35 1.2732646423070604 1.0000000180025095e-35 0.88987326485692841 1.5569209007974796 -1.2488495486446869 -1.1731374804699726 -0.84721494832247746 0.27915532982079072 1.5000000000000002 -0.5042900604580034 1.5000000000000002 1.5000000000000002 1.5000000000000002 1.5000000000000002 0.17454130086988542 1.5000000000000002 0.78431744370470902 -0.35425607201095283 0.97285841149115615 0.55793267832001747 0.82498078355169691 1.5000000000000002 1.0000000180025095e-35 1.5000000000000002 2.215698838202306
decision_type=2 2 2 2 2 2 2 2 2 2 2 2 2 2 2 2 2 2 2 2 2 2 2 2 2 2 2 2 2 2
left_child=1 3 13 6 15 18 11 9 -7 -3 -11 -1 -9 17 -12 28 -13 22 19 -4 21 -6 -2 -24 -19 26 -16 -25 -5 -15
right_child=2 7 5 4 20 8 -8 12 -10 10 14 16 -14 29 25 -17 -18 24 -20 -21 -22 -23 23 27 -26 -27 -28 -29 -30 -31
leaf_value=0.09248926617535741 0.063999537294807771 0.072419953390991082 -0.04552517302413682 0.052400806756128959 0.07156584771741667 0.03270080191182214 0.11311162216724863 0.11552723873504037 -0.05731933883493659 -0.0040777910516179589 0.065395721504324808 0.060490568538895576 0.04036181969602895 -0.035750905315763547 0.041971221629073144 -0.030030335332109411 -0.01628998738980628 0.014372734739987717 -0.056432086628339498 -0.0041857293250883876 0.088178256238582123 0.0063335882357407423 -0.034664276211164032 0.068068042479928689 0.065895691019698985 -0.065861381654239437 -0.022485854237066127 -0.0099324604457348229 -0.026258678000559945 0.029109503758209122
leaf_weight=147.08328782021999 9.3153272420167905 55.190285488963127 88.920475870370865 33.738233432173729 67.323362365365028 41.749580204486847 399.25605861842632 32.242450475692749 17.061972960829735 71.161903008818626 63.204225987195969 30.316603437066078 26.157193005084991 40.86390009522438 35.873399183154106 14.47813096642494 10.437766283750532 24.879011675715446 173.94780503213406 41.266483381390572 168.28219638764858 12.695992901921271 25.178845331072807 10.054015547037125 33.312167063355446 4.933958262205123 12.122204557061194 13.902751594781876 6.573338270187377 9.9821360707283002
leaf_count=347 30 153 465 110 180 150 779 61 93 305 184 92 89 205 125 67 45 98 954 179 411 50 120 32 101 27 55 58 30 39
internal_value=0.0481304 0.079638 -0.0226189 0.0913583 0.0689489 -0.0376084 0.102927 0.044963 0.00658482 0.0360767 0.0253675 0.0812801 0.0818607 0.00986338 0.0434103 0.0211814 0.040826 0.0241966 -0.0461542 -0.0324215 0.0794892 0.061216 0.00461308 -0.00664564 0.0438676 0.017157 0.0256914 0.0228023 0.0395743 -0.0230175
internal_weight=1721.51 1191.07 530.434 890.185 303.091 362.946 587.094 300.886 58.8116 242.486 187.296 187.838 58.3996 167.488 116.134 54.7897 40.7544 116.642 304.135 130.187 248.302 80.0194 58.4509 49.1356 58.1912 52.9296 47.9956 23.9568 40.3116 50.846
internal_count=5634 3110 2524 2111 848 1841 1263 999 243 849 696 484 150 683 391 207 137 439 1598 644 641 230 240 210 199 207 180 90 140 244
is_linear=0
shrinkage=0.05


Tree=4
num_leaves=31
num_cat=0
split_feature=16 13 16 15 0 9 1 0 2 9 1 2 2 0 11 1 1 0 1 0 0 0 10 0 2 17 14 2 1 2
split_gain=1339.57 167.758 96.7857 91.4602 78.1086 57.5534 40.3117 60.2303 35.6921 32.7809 26.7191 30.2744 24.3878 21.9209 25.1156 19.304 17.9514 25.9927 15.9402 15.0771 15.0342 13.946 13.7897 11.9938 14.2555 13.6767 11.795 11.0895 13.5572 10.0455
threshold=1.0000000180025095e-35 1.0000000180025095e-35 1.5000000000000002 1.5000000000000002 -0.88287949002179567 1.0000000180025095e-35 0.47494753168578974 -0.59823611109288033 -0.301716542639548 1.0000000180025095e-35 1.2732646423070604 2.4081436801298381 -0.90477922345093231 -1.2488495486446869 1.0000000180025095e-35 0.028487442793644405 1.025968905337062 0.98763414293964857 -0.45282640768487625 -0.72022613063384411 -0.84221615017480789 0.74365410385772102 1.0000000180025095e-35 1.5569209007974796 2.2485016865865739 1.0000000180025095e-35 1.5000000000000002 -0.94853466387777108 0.36872654399397814 -0.38916151020109385
decision_type=2 2 2 2 2 2 2 2 2 2 2 2 2 2 2 2 2 2 2 2 2 2 2 2 2 2 2 2 2 2
left_child=1 4 3 22 9 15 7 13 -8 12 -4 -12 -1 -3 -15 26 17 -7 -14 20 -16 -10 -2 24 25 -5 29 -11 -29 -6
right_child=2 6 10 23 5 16 8 -9 21 27 11 -13 18 14 19 -17 -18 -19 -20 -21 -22 -23 -24 -25 -26 -27 -28 28 -30 -31
leaf_value=0.089708212076062138 -0.004879450244772379 0.066879497531242948 -0.052213485770387327 0.00029911640428313913 0.041580551412722246 0.074163640154522065 0.10021771144355214 -0.028189139491414352 0.053480619980088809 0.12013053909258642 0.017301855126159265 -0.065273160311517781 0.068931730985332423 0.0626073841377464 0.0099027863772971434 -0.049060093249459591 0.095590938184210897 -0.0058546294766927175 -0.00043221347439192708 0.070042145207949394 -0.068703663065617274 -0.0059124570786626704 -0.041725736593270335 -0.044803150740507183 0.10200192685625065 0.035931806463536435 0.068720414110877204 0.081905786862505783 0.10874437108398283 -0.0028630254092620595
leaf_weight=130.10126194357872 34.812602281570435 55.559144377708435 202.15179263055325 37.802491500973701 40.162976801395416 220.43763291835785 44.624770253896713 38.448767438530922 48.183970496058464 107.87969599664211 32.25040528178215 16.925132915377617 22.026557832956314 34.167888686060905 50.655203714966774 6.6132072210311881 102.84750446677208 10.638552919030188 13.273959115147589 9.0035521984100324 6.9129308313131324 12.434222772717474 93.841959774494171 5.6958678513765326 6.4174120873212805 93.623838976025581 24.646093457937241 67.562718719244003 155.00365726649761 18.603736340999603
leaf_count=292 149 149 1127 156 131 553 89 180 137 178 129 95 58 94 202 31 229 43 49 30 35 48 495 27 17 329 73 149 284 76
internal_value=0.0451026 0.0738164 -0.0217995 -0.00114152 0.0844059 0.0686483 0.0413479 0.0278741 0.0662808 0.0978787 -0.0441727 -0.0111186 0.0797074 0.0416654 0.0277594 0.033168 0.0782139 0.0704797 0.042849 0.00987375 0.00046352 0.0412977 -0.0317555 0.0262978 0.0292358 0.0256827 0.0396873 0.106974 0.100597 0.0275111
internal_weight=1743.31 1219.79 523.522 272.194 919.798 423.95 299.99 194.747 105.243 495.848 251.327 49.1755 165.402 156.299 100.74 90.026 333.924 231.076 35.3005 66.5717 57.5681 60.6182 128.655 143.54 137.844 131.426 83.4128 330.446 222.566 58.7667
internal_count=5634 3110 2524 1173 2146 1136 964 690 274 1010 1351 224 399 510 361 311 825 596 107 267 237 185 644 529 502 485 280 611 433 207
is_linear=0
shrinkage=0.05


Tree=5
num_leaves=31
num_cat=0
split_feature=16 10 10 0 1 9 9 0 1 0 1 2 2 16 2 13 16 1 18 0 11 0 2 18 0 13 0 1 2 17
split_gain=1176.42 146.315 90.8612 68.3413 48.6007 45.6838 38.4856 33.3639 29.6091 28.3288 30.8831 26.7617 25.5924 25.24 21.0693 16.5463 16.1848 17.3385 15.4903 15.4702 21.1642 13.7812 14.9691 12.681 13.9272 12.6731 15.5137 12.6225 12.0615 11.6102
threshold=1.0000000180025095e-35 1.0000000180025095e-35 1.0000000180025095e-35 -0.63889945093986822 1.2732646423070604 1.0000000180025095e-35 1.0000000180025095e-35 1.5569209007974796 0.88987326485692841 -1.2488495486446869 -1.1731374804699726 0.27915532982079072 -0.84721494832247746 1.5000000000000002 -0.5042900604580034 1.5000000000000002 1.5000000000000002 0.17454130086988542 1.5000000000000002 -0.72022613063384411 1.5000000000000002 -0.35425607201095283 1.1353909657104899 1.5000000000000002 0.78431744370470902 1.5000000000000002 1.5569209007974796 0.55793267832001747 1.8799584991801996 1.0000000180025095e-35
decision_type=2 2 2 2 2 2 2 2 2 2 2 2 2 2 2 2 2 2 2 2 2 2 2 2 2 2 2 2 2 2
left_child=1 3 13 6 16 15 12 28 9 -3 -11 -10 -1 18 -12 -5 17 -4 21 20 -14 -2 -23 24 -7 26 -15 -20 -6 -25
right_child=2 8 4 5 7 23 -8 -9 11 10 14 -13 19 25 -16 -17 -18 -19 27 -21 -22 22 -24 29 -26 -27 -28 -29 -30 -31
leaf_value=0.07946175756034897 0.058307599154454194 0.061974009730328322 -0.04338168568271477 0.034508387340178595 0.055241129790872978 0.061176527412876963 0.096854517131716222 -0.055411300690961868 0.099857814368495779 -0.0040490512857902826 0.056483956943459063 0.033324817171936125 0.042078177405612836 -0.021229922076818758 0.014358949673975763 -0.028132518629778731 -0.054326500589460272 -0.003833013763450477 0.012784433700631049 0.092917540246744035 -0.051691978183015103 -0.032157863460747296 0.023204662981882618 0.04573298249323729 0.0046004642025234289 -0.037571858533738733 0.084352644228343487 0.059355565755177288 0.0021367033331435767 0.081514351464276102
leaf_weight=154.73001857101917 9.6120623052120191 57.929266706109047 85.088351130485535 41.559297248721123 21.610539153218269 70.470006629824638 420.71728223562241 16.134809121489525 33.87421278655529 71.112239480018616 65.995794966816902 27.290515065193176 24.925649538636208 9.4715654850006086 53.947185948491096 14.125058844685553 163.80261947214603 41.099171191453934 25.185082644224167 9.1608865261077863 7.9324747622013083 27.018020987510681 22.276733905076981 26.708312332630157 12.863298088312147 34.346949428319931 5.4990668892860404 34.454125910997391 21.164263993501663 149.96286703646183
leaf_count=347 30 153 465 140 65 180 779 93 61 305 184 89 76 48 207 67 954 179 98 23 38 127 83 73 50 177 19 101 85 338
internal_value=0.0424006 0.0687544 -0.0210054 0.078643 -0.035548 0.059719 0.0883181 0.00585578 0.0390024 0.0313453 0.0220585 0.0701721 0.0700644 0.00922095 0.0375372 0.0186187 -0.0439588 -0.0305007 0.0217262 0.0354598 0.0194406 0.00354014 -0.00713905 0.0685214 0.0524435 -0.0208384 0.017553 0.039689 0.0289659 0.0761051
internal_weight=1760.07 1243.3 516.763 933.155 348.9 315.689 617.466 58.9096 310.149 248.984 191.055 61.1647 196.749 167.864 119.943 55.6844 289.99 126.188 118.546 42.019 32.8581 58.9068 49.2948 260.004 83.3333 49.3176 14.9706 59.6392 42.7748 176.671
internal_count=5634 3110 2524 2111 1841 848 1263 243 999 849 696 150 484 683 391 207 1598 644 439 137 114 240 210 641 230 244 67 199 150 411
is_linear=0
shrinkage=0.05


Tree=6
num_leaves=31
num_cat=0
split_feature=16 13 15 16 0 9 0 1 1 9 2 1 2 1 0 11 0 14 10 1 1 0 0 0 0 1 0 2 17 14
split_gain=1039.01 128.972 85.7846 75.6958 60.953 44.3367 31.4395 39.3669 34.0079 26.0154 19.3699 17.8134 23.4463 16.9575 16.3839 18.5836 15.0747 16.0925 15.0205 13.4879 13.3635 13.1605 13.8486 12.5102 11.4593 10.7881 10.5673 12.0097 11.3347 9.99615
threshold=1.0000000180025095e-35 1.0000000180025095e-35 1.5000000000000002 1.5000000000000002 -0.88287949002179567 1.0000000180025095e-35 -0.63889945093986822 0.43677436423404498 0.49486396687800444 1.0000000180025095e-35 -0.90477922345093231 0.90647029418377401 2.4081436801298381 0.028487442793644405 -1.2488495486446869 1.0000000180025095e-35 0.86564412339868479 1.5000000000000002 1.0000000180025095e-35 1.0342674200004847 -0.45282640768487625 -0.72022613063384411 -0.84221615017480789 0.74365410385772102 1.0689608226336247 1.3678677094700804 1.5569209007974796 2.2485016865865739 1.0000000180025095e-35 1.5000000000000002
decision_type=2 2 2 2 2 2 2 2 2 2 2 2 2 2 2 2 2 2 2 2 2 2 2 2 2 2 2 2 2 2
left_child=1 4 18 26 9 13 8 -8 14 10 -1 -5 25 29 -3 -16 19 24 -2 -7 -12 22 -17 -9 -18 -13 27 28 -4 -6
right_child=2 6 3 11 5 16 7 23 -10 -11 20 12 -14 -15 15 21 17 -19 -20 -21 -22 -23 -24 -25 -26 -27 -28 -29 -30 -31
leaf_value=0.07786095318744693 -0.015099314649261225 0.057840717987380254 -8.697393181512881e-05 -0.050850370389291126 0.023700122670330157 0.064997833141845804 -0.026903372932111976 0.047987849622033257 0.085802058594515326 0.093001188201310259 0.060035676891770889 -0.017127817625890825 -0.06374029811888951 -0.048558850323036362 0.053561560128430732 0.0092126747457651047 0.04412720538133557 0.062071221137840499 -0.047118572252743567 0.088273113675108053 -0.0027419142196601631 0.068881291609669174 -0.067410622508164583 -0.0075641436103761929 -0.051391224083479417 0.032055156126491673 -0.043785835950821472 0.091573697393351028 0.032229327256284815 0.060995500825296645
leaf_weight=135.70658087730408 44.685691431164742 57.797730565071106 37.864182844758034 55.628316894173622 60.155559808015823 225.83483210206032 37.915931060910225 52.312422558665276 45.099323451519012 343.37183678150177 22.859980121254921 22.792281687259674 15.92466117441654 6.561555102467536 35.572752013802528 50.886478409171104 5.7374128401279432 22.908169969916344 203.0976530611515 85.926337867975235 13.473515078425406 7.9718511253595343 6.6698051244020453 12.569699704647062 6.9357299506664276 21.826730817556381 5.58412280678749 6.7199641317129126 95.742492616176605 25.617588967084885
leaf_count=292 204 149 156 327 207 541 181 143 87 611 58 113 95 31 94 202 17 61 1175 174 49 25 35 48 32 81 27 17 329 73
internal_value=0.0399851 0.0643238 -0.0202516 -0.000309813 0.0733835 0.0597076 0.0361202 0.0135724 0.0474824 0.0850498 0.0691799 -0.0304246 -0.0116571 0.0289125 0.0366063 0.0244669 0.0678939 0.037061 -0.0413442 0.0714129 0.0367559 0.00867255 0.000333323 0.0372257 -0.00814791 0.00693151 0.0236671 0.0263513 0.0230709 0.034839
internal_weight=1771.75 1261.89 509.866 262.083 955.089 439.677 306.796 102.798 203.998 515.412 172.04 116.172 60.5437 92.3347 158.899 101.101 347.342 35.5813 247.783 311.761 36.3335 65.5281 57.5563 64.8821 12.6731 44.619 145.911 140.327 133.607 85.7731
internal_count=5634 3110 2524 1145 2146 1136 964 372 592 1010 399 616 289 311 505 356 825 110 1379 715 107 262 237 191 49 194 529 502 485 280
is_linear=0
shrinkage=0.05


Tree=7
num_leaves=31
num_cat=0
split_feature=16 10 16 15 0 9 1 1 2 2 1 2 0 1 11 17 18 10 0 2 1 2 17 0 2 17 2 2 18 1
split_gain=921.733 116.062 80.9298 69.3343 54.5425 41.436 24.6342 24.0721 25.7919 24.0266 23.23 22.8186 22.189 17.5406 16.4732 12.9895 12.5431 11.2525 10.9012 10.3897 15.2374 12.5186 10.1243 9.53039 10.3041 10.0065 9.82756 18.4667 18.5838 13.0851
threshold=1.0000000180025095e-35 1.0000000180025095e-35 1.5000000000000002 1.5000000000000002 -0.88287949002179567 1.0000000180025095e-35 0.36872654399397814 1.2732646423070604 2.4081436801298381 -0.96484820368039614 0.88987326485692841 0.27915532982079072 -1.1675228689507111 0.071639719043442976 1.0000000180025095e-35 1.0000000180025095e-35 1.5000000000000002 1.0000000180025095e-35 0.78431744370470902 -0.5042900604580034 0.2674846651002204 -0.73920503361580436 1.0000000180025095e-35 1.5569209007974796 2.2485016865865739 1.0000000180025095e-35 1.910674093313627 1.112639894376324 1.5000000000000002 0.19113833019673096
decision_type=2 2 2 2 2 2 2 2 2 2 2 2 2 2 2 2 2 2 2 2 2 2 2 2 2 2 2 2 2 2
left_child=1 4 3 17 6 13 9 -4 -9 -1 12 -12 22 -6 19 -7 18 -2 -17 21 -21 -14 -3 24 25 -5 27 28 29 -27
right_child=2 10 7 23 5 15 -8 8 -10 -11 11 -13 14 -15 -16 16 -18 -19 -20 20 -22 -23 -24 -25 -26 26 -28 -29 -30 -31
leaf_value=0.085398568166865585 -0.0045660294397417422 0.032236552964680663 -0.049184546293987066 -8.2628434477632212e-05 0.030326858742288007 0.041470716853860466 0.09243757762756305 0.015716233895024582 -0.062895932630585599 0.057167214183209705 0.088437029542879034 0.027873043511446878 0.021540299693853533 -0.065811173546287322 0.0018772344008932424 0.058560399443367529 0.074512244201688546 -0.038228406741391316 0.0050968911090540948 -0.033041488610858448 0.039255429773479726 0.076923135480171989 0.065557679590506832 -0.042484216565228279 0.084201654158987116 0.035602708631176171 -0.013043417784262526 0.06304691981232749 0.045130790595894699 -0.043724733264526854
leaf_weight=143.35388140380383 34.656796082854271 51.673663541674614 185.8948021531105 37.862732127308846 79.998645976185799 55.907680422067642 223.92468932271004 32.595309361815453 15.346182167530058 158.90592631697655 34.768569394946098 28.139848932623863 19.463696300983429 5.0436594933271399 89.371510833501816 76.130897834897041 205.48403087258339 87.514960959553719 10.899547904729841 11.634399846196176 19.508647054433823 21.446146100759506 40.792146161198616 5.470370724797248 6.9369156509637824 7.9034395962953594 11.557018190622328 36.420256361365318 25.874663323163986 15.188453733921049
leaf_count=267 149 156 1127 156 267 147 376 129 95 369 61 89 60 28 368 180 435 495 42 54 61 51 99 27 17 29 45 104 83 68
internal_value=0.0377933 0.0603867 -0.019516 -0.000834402 0.0690493 0.055916 0.0798683 -0.0410376 -0.0094477 0.0705566 0.0341457 0.0613459 0.0274061 0.0246251 0.0162189 0.0635534 0.067774 -0.0286793 0.0518647 0.0340078 0.0122468 0.0505736 0.0469365 0.0222739 0.0247731 0.021715 0.0302284 0.0360852 0.0160317 -0.0165741
internal_weight=1779.67 1276.45 503.222 269.386 959.649 433.464 526.184 233.836 47.9415 302.26 316.799 62.9084 253.89 85.0423 161.424 348.422 292.514 122.172 87.0304 72.0529 31.143 40.9098 92.4658 147.214 141.743 134.807 96.9438 85.3868 48.9666 23.0919
internal_count=5634 3110 2524 1173 2111 1099 1012 1351 224 636 999 150 849 295 594 804 657 644 222 226 115 111 255 529 502 485 329 284 180 97
is_linear=0
shrinkage=0.05


Tree=8
num_leaves=31
num_cat=0
split_feature=16 13 10 0 1 9 0 0 1 1 9 16 0 16 1 1 0 1 1 0 18 0 1 13 0 5 0 0 1 18
split_gain=820.744 104.738 75.8774 49.6626 40.149 34.3964 26.5321 26.5126 32.4129 27.1372 22.4881 18.486 16.1492 15.1523 14.9702 14.6523 13.0904 15.2784 12.6187 17.7015 12.5563 12.3995 12.6009 12.116 13.4283 12.0623 10.6975 10.5541 10.2983 10.6915
threshold=1.0000000180025095e-35 1.0000000180025095e-35 1.0000000180025095e-35 -0.88287949002179567 1.2732646423070604 1.0000000180025095e-35 1.1096241624806125 -0.63889945093986822 0.43677436423404498 0.49486396687800444 1.0000000180025095e-35 1.5000000000000002 -1.0861961892567351 1.5000000000000002 0.17454130086988542 0.028487442793644405 -1.2488495486446869 -1.4536272760936624 1.025968905337062 0.86564412339868479 1.5000000000000002 -0.35425607201095283 0.97285841149115615 1.5000000000000002 1.5569209007974796 1.0000000180025095e-35 1.5975842406444676 0.74365410385772102 0.55793267832001747 2.5000000000000004
decision_type=2 2 2 2 2 2 2 2 2 2 2 2 2 2 2 2 2 2 2 2 2 2 2 2 2 2 2 2 2 2
left_child=1 3 11 10 13 15 -6 9 -9 16 12 20 -1 14 -4 -5 -3 -18 19 -7 21 -2 -23 24 -13 -24 -8 -10 29 -22
right_child=2 7 4 5 6 18 26 8 27 -11 -12 23 -14 -15 -16 -17 17 -19 -20 -21 28 22 25 -25 -26 -27 -28 -29 -30 -31
leaf_value=0.067763966818256971 0.053770979461739046 0.050992848402751936 -0.040333472403553838 0.03114708718383255 0.047330283545114843 0.057065311969958621 -0.0035127331116739102 -0.026159322244209495 0.041717427814617701 0.075816085424962071 0.082702747266718168 -0.017871203859623562 0.027931127944598046 -0.051548001756046471 -0.0030453190651854138 -0.047250939372674536 0.00073027587743487341 0.039419112262398887 0.073870102738242752 0.0027748988314329607 -0.024007592009744685 -0.033064463812718208 0.057784105446851725 -0.03489089848494447 0.080690034921675938 -0.012647977943444737 -0.06209196698817341 -0.0090130901843691255 0.052195434116088069 0.040796457895100592
leaf_weight=145.59670820832253 9.8471945822238904 59.329691216349602 79.529379516839981 87.526588186621666 22.493035808205605 229.84858193993568 25.00732296705246 37.510735034942627 53.567222759127617 45.996543481945992 349.27003008127213 9.0245971381664258 30.834000051021576 149.72782744467258 40.687894374132156 6.395344376564025 47.559578746557236 55.060516819357872 110.34747050702572 16.063545256853104 11.912246182560921 24.567120745778084 10.611572608351707 32.649165391921997 5.6003659367561331 14.231699153780937 11.322134360671042 12.679032787680624 35.646310120820999 13.666573449969292
leaf_count=308 30 149 465 280 65 537 105 181 143 87 611 48 91 954 179 31 196 160 229 59 51 120 32 177 19 58 73 48 101 47
internal_value=0.0357962 0.0568555 -0.0188149 0.064915 -0.032777 0.0527262 0.00465373 0.031623 0.0109791 0.0419235 0.0753528 0.00854788 0.0608026 -0.0409334 -0.0277132 0.0258088 0.0322974 0.0214887 0.0598225 0.0535189 0.0189447 0.00253761 -0.00767289 -0.0179495 0.019871 0.0174364 -0.021769 0.032008 0.0348246 0.0106167
internal_weight=1784.11 1287.59 496.524 975.882 328.768 450.182 58.8225 311.703 103.757 207.946 525.701 167.757 176.431 269.945 120.217 93.9219 161.95 102.62 356.26 245.912 120.483 59.2576 49.4104 47.2741 14.625 24.8433 36.3295 66.2463 61.2251 25.5788
internal_count=5634 3110 2524 2146 1841 1136 243 964 372 592 1010 683 399 1598 644 311 505 356 825 596 439 240 210 244 67 90 178 191 199 98
is_linear=0
shrinkage=0.05


Tree=9
num_leaves=31
num_cat=0
split_feature=16 10 15 16 0 9 9 1 0 0 1 0 2 1 2 0 11 10 13 1 9 3 1 17 0 8 2 8 1 2
split_gain=733.171 95.3882 71.4132 57.2601 46.2172 28.5148 27.0543 18.6613 20.2965 17.9826 19.9299 16.5444 16.4029 16.0083 20.6135 12.9386 17.7308 12.9236 11.621 11.5446 13.5246 13.0682 11.4036 10.9487 10.3693 9.89721 9.70841 14.1259 9.34836 12.2406
threshold=1.0000000180025095e-35 1.0000000180025095e-35 1.5000000000000002 1.5000000000000002 -0.63889945093986822 1.0000000180025095e-35 1.0000000180025095e-35 0.88987326485692841 -0.11027603292902537 -1.2488495486446869 -1.1731374804699726 0.41834738508181762 -0.84721494832247746 0.90647029418377401 2.4081436801298381 -0.72022613063384411 1.5000000000000002 1.0000000180025095e-35 1.5000000000000002 -0.20221126484950849 1.0000000180025095e-35 1.0000000180025095e-35 -1.4884810376800381 1.0000000180025095e-35 -0.59823611109288033 1.5000000000000002 -0.94853466387777108 1.5000000000000002 1.025968905337062 0.35512039900271147
decision_type=2 2 2 2 2 2 2 2 2 2 2 2 2 2 2 2 2 2 2 2 2 2 2 2 2 2 2 2 2 2
left_child=1 4 17 -4 6 18 12 9 -9 -3 22 19 -1 -5 -15 16 -14 -2 25 -12 21 -21 -11 -22 -24 -6 -8 -28 29 -7
right_child=2 7 3 13 5 28 26 8 -10 10 11 -13 15 14 -16 -17 -18 -19 -20 20 23 -23 24 -25 -26 -27 27 -29 -30 -31
leaf_value=0.06167559852603241 -0.013930351758793562 0.047698268336567845 0.020107003272775658 -0.047985398443915861 0.037041356827369795 0.055097107076741696 0.088994988140778511 0.081313113929117012 0.024928331951607995 0.020417885904405776 0.054434618565681429 -0.019105545890089094 0.032670562623056225 0.007201900094986508 -0.061668012167746658 0.078055033555976622 -0.052407698956482507 -0.044060446374438789 -0.025992090534078693 0.023609794428758775 -0.0014712426801815159 -0.048144597195050265 -0.0073475756666610201 0.058938963825738558 -0.065999390034279778 -0.028890548948518963 0.061237734929516341 0.082116332679881304 0.064842268460472516 0.026486942636861743
leaf_weight=162.94268421828747 43.939857423305511 61.277094036340714 148.8731415271759 51.017089694738388 36.692549526691437 114.79006703197956 112.32877714931965 33.228993445634842 30.710851863026619 28.01576840877533 46.677306607365608 15.811504259705542 26.08948677778244 44.292274758219719 14.39659960567951 9.7358058542013151 8.0023020803928357 187.27747786045074 13.707382813096045 15.495498344302177 10.584679916501043 10.745834797620773 33.525182589888573 25.739625617861748 9.7207447141408903 6.7370477318763724 158.06601257622242 166.18776531517506 103.36005307734013 55.441945299506187
leaf_count=347 204 153 529 327 110 261 177 57 93 111 125 67 76 194 95 23 38 1175 67 53 35 47 141 64 53 30 316 286 223 157
internal_value=0.033967 0.0536673 -0.0181445 -9.08959e-05 0.0614619 0.0462717 0.0692707 0.0300536 0.054231 0.0240523 0.0166715 0.0286976 0.0543719 -0.0274998 -0.00969215 0.0272181 0.0127003 -0.0383346 0.0141453 0.0356165 0.0215771 -0.00577365 -0.00443253 0.0413358 -0.0205312 0.0268136 0.076327 0.0719385 0.052981 0.0457792
internal_weight=1785.41 1295.61 489.796 258.579 974.082 330.729 643.353 321.533 63.9398 257.593 196.316 125.054 206.77 109.706 58.6889 43.8276 34.0918 231.217 57.137 109.243 62.5656 26.2413 71.2617 36.3243 43.2459 43.4296 436.583 324.254 273.592 170.232
internal_count=5634 3110 2524 1145 2111 848 1263 999 150 849 696 391 484 616 289 137 114 1379 207 324 199 100 305 99 194 140 779 602 641 418
is_linear=0
shrinkage=0.05


Tree=10
num_leaves=31
num_cat=0
split_feature=16 10 16 15 0 9 9 1 2 1 2 0 1 0 2 0 11 2 13 1 0 10 2 8 18 18 8 1 0 18
split_gain=657.018 85.977 67.615 52.439 42.4964 25.3647 25.2594 21.9651 22.3297 16.8366 18.572 15.9638 17.8046 14.8615 14.6886 11.2975 16.1153 11.0386 10.4572 10.3238 9.85347 9.20229 9.09179 12.7742 9.09133 9.48772 8.83889 8.82161 8.56325 8.45027
threshold=1.0000000180025095e-35 1.0000000180025095e-35 1.5000000000000002 1.5000000000000002 -0.63889945093986822 1.0000000180025095e-35 1.0000000180025095e-35 1.2732646423070604 2.4081436801298381 0.88987326485692841 0.27915532982079072 -1.2488495486446869 -1.1731374804699726 0.45901072492880557 -0.84721494832247746 -0.72022613063384411 1.5000000000000002 -0.93169381773809146 1.5000000000000002 -1.4884810376800381 -0.59823611109288033 1.0000000180025095e-35 -0.94853466387777108 1.5000000000000002 1.5000000000000002 2.5000000000000004 1.5000000000000002 0.37868476159008563 0.86564412339868479 1.5000000000000002
decision_type=2 2 2 2 2 2 2 2 2 2 2 2 2 2 2 2 2 2 2 2 2 2 2 2 2 2 2 2 2 2
left_child=1 4 3 21 6 18 14 -4 -9 11 -11 -3 19 17 -1 16 -16 -14 26 -13 29 -2 -8 27 28 -26 -6 -24 -7 -21
right_child=2 9 7 -5 5 24 22 8 -10 10 -12 12 13 -15 15 -17 -18 -19 -20 20 -22 -23 23 -25 25 -27 -28 -29 -30 -31
leaf_value=0.058212145985392642 -0.0041273522943108777 0.044895429673583877 -0.046452880284907336 0.018954937361309088 0.034782658229605516 0.042436086734807969 0.08477575562127776 0.014754056722775284 -0.060974260176302468 0.075808015827171449 0.021759692410845445 0.019212307103932517 0.077565590635916781 -0.021476702734907777 0.030763395490146107 0.072619532682082696 -0.050997162021631709 0.027596208653963884 -0.025031809927652929 0.03294116807562894 -0.064978561512519184 -0.034945642741431103 0.041244332761885924 0.077931115748351168 0.059178767811094324 0.013894098506793387 -0.027804134326947547 0.066359771037380735 -0.0057378740054215178 -0.022830763579453114
leaf_weight=163.97672316431999 34.439207509160042 61.832488149404526 170.89980746805668 149.99560771882534 37.110306739807129 77.707922905683517 112.02925999462605 32.778720334172249 13.846317499876021 35.117183461785316 29.035484835505486 28.278100281953812 12.434250980615614 14.009712204337118 26.315502285957336 9.935815364122389 7.8171940445899954 99.431601271033287 13.526265889406202 9.482745483517645 9.388216629624365 81.650806307792664 52.130762472748756 166.35034704208374 175.02817440032959 12.384864851832388 6.6524674743413916 106.16520631313324 10.467318356037138 23.932851403951645
leaf_count=347 149 153 1127 529 110 189 177 129 95 61 89 111 24 61 76 23 38 306 67 35 53 495 117 286 376 35 30 199 41 106
internal_value=0.0322809 0.0507834 -0.0174764 -0.000572467 0.0581723 0.0436642 0.065663 -0.038154 -0.00773511 0.0284159 0.0513458 0.0227317 0.0157737 0.0270706 0.0513248 0.0256971 0.0120383 0.0331505 0.0133925 -0.00423143 -0.0197194 -0.0258031 0.0724942 0.068256 0.0499571 0.0561862 0.0252687 0.0580886 0.0367173 -0.00700369
internal_weight=1784.15 1300.54 483.61 266.086 977.598 332.877 644.721 217.525 46.625 322.943 64.1527 258.79 196.957 125.876 208.045 44.0685 34.1327 111.866 57.289 71.0819 42.8038 116.09 436.676 324.646 275.588 187.413 43.7628 158.296 88.1752 33.4156
internal_count=5634 3110 2524 1173 2111 848 1263 1351 224 999 150 849 696 391 484 137 114 330 207 305 194 644 779 602 641 411 140 316 230 141
is_linear=0
shrinkage=0.05


Tree=11
num_leaves=31
num_cat=0
split_feature=16 13 16 15 0 9 1 0 1 1 9 2 1 1 1 18 1 1 0 2 3 8 1 1 10 18 14 2 8 1
split_gain=590.293 79.5699 63.3177 47.6556 39.5336 25.8123 21.3667 20.5219 24.504 19.8985 19.0052 15.3967 13.405 12.2331 11.6862 11.3729 19.4291 10.2778 13.775 9.30877 13.156 14.1639 10.3788 9.02535 8.65948 8.54252 8.22518 8.21323 10.001 7.55547
threshold=1.0000000180025095e-35 1.0000000180025095e-35 1.5000000000000002 1.5000000000000002 -0.88287949002179567 1.0000000180025095e-35 0.90647029418377401 -0.59823611109288033 -0.34992482585843382 0.49486396687800444 1.0000000180025095e-35 2.4081436801298381 -0.28021730268568262 0.028487442793644405 1.3678677094700804 1.5000000000000002 1.2052168220669939 1.025968905337062 0.98763414293964857 -0.99094986736459634 1.0000000180025095e-35 1.0000000180025095e-35 -1.4884810376800381 -1.4586063848917161 1.0000000180025095e-35 1.0000000180025095e-35 1.5000000000000002 -0.94853466387777108 1.5000000000000002 -1.4951198494107762
decision_type=2 2 2 2 2 2 2 2 2 2 2 2 2 2 2 2 2 2 2 2 2 2 2 2 2 2 2 2 2 2
left_child=1 4 3 24 10 13 -4 9 29 19 12 14 -1 26 -8 16 -10 18 -7 22 23 -22 -3 -21 -2 -16 -6 -12 -29 -9
right_child=2 7 6 -5 5 17 11 8 15 -11 27 -13 -14 -15 25 -17 -18 -19 -20 20 21 -23 -24 -25 -26 -27 -28 28 -30 -31
leaf_value=0.055010600044942327 -0.0039287078856220063 0.024725483024383536 -0.047443455980378614 0.017879631199658345 0.016127712402376006 0.047363607199669686 -0.022357532763709997 0.01211812563052306 -0.03370264736475314 0.063644308060164495 0.082354550590075404 -0.060328738889875402 0.0016752230923656566 -0.046158591975424372 0.05927605801059848 0.035574149390739711 0.047778346241314218 0.063057601636063151 -0.010087137850439059 0.016109768101756607 -0.0097775159657908488 0.042688417067541382 0.077956986890362678 0.053513721924138807 -0.033940841020403033 -0.0021249737767433932 0.049123430972672376 0.055867021127220563 0.07646305106614891 -0.056788159915191205
leaf_weight=167.07037292420864 34.373236268758774 20.014178425073624 149.71735966205597 151.03802993893623 62.716747537255287 239.8961306810379 26.36501581966877 5.2818016409873989 19.47939902544022 47.384696006774902 112.89599160850048 13.308371543884276 12.674537554383276 6.2728619724512091 10.627899929881098 48.662189796566963 11.716707587242125 112.43665981292725 10.908143088221548 29.601997807621956 46.848871469497681 17.732797190546989 16.879658967256546 35.430676639080048 79.909482374787331 12.129911229014395 27.026385739445686 120.33140398561954 115.53039710223675 16.118009984493256
leaf_count=360 149 54 1029 529 207 553 144 23 82 90 178 95 39 31 34 138 31 229 43 109 175 49 34 90 495 49 73 239 194 89
internal_value=0.0307244 0.048153 -0.0168345 -0.000553041 0.0551324 0.0444019 -0.0371968 0.0262777 0.00773377 0.0350565 0.0644571 -0.012624 0.0512497 0.021346 0.000300218 0.0204664 -0.00309982 0.0504962 0.0448649 0.0269211 0.0206137 0.00462855 0.0490799 0.0364879 -0.024914 0.0265493 0.0260645 0.071264 0.0659554 -0.039781
internal_weight=1780.38 1302.91 477.469 265.321 987.76 459.257 212.149 315.151 101.258 213.893 528.503 62.4312 179.745 96.016 49.1228 79.8583 31.1961 363.241 250.804 166.508 129.614 64.5817 36.8938 65.0327 114.283 22.7578 89.7431 348.758 235.862 21.3998
internal_count=5634 3110 2524 1173 2146 1136 1351 964 363 601 1010 322 399 311 227 251 113 825 596 511 423 224 88 199 644 83 280 611 433 112
is_linear=0
shrinkage=0.05


Tree=12
num_leaves=31
num_cat=0
split_feature=16 10 10 0 1 0 9 1 1 2 13 1 0 6 0 15 2 1 16 18 17 0 11 2 13 18 15 2 8 1
split_gain=531.11 73.1434 60.0585 36.834 34.1245 26.6401 22.4012 21.5529 13.7067 17.119 13.6193 13.4048 18.6184 13.6459 12.9757 14.2613 12.7272 12.0736 11.3108 10.6814 10.2445 9.95003 14.4323 9.74619 13.031 8.28367 8.23497 8.09045 11.1064 8.05288
threshold=1.0000000180025095e-35 1.0000000180025095e-35 1.0000000180025095e-35 -0.63889945093986822 0.17454130086988542 1.5569209007974796 1.0000000180025095e-35 0.37868476159008563 0.88987326485692841 0.27915532982079072 1.5000000000000002 1.3014795921626983 0.58100074446976946 1.0000000180025095e-35 -1.2488495486446869 1.0000000180025095e-35 -0.84721494832247746 1.2732646423070604 1.5000000000000002 2.5000000000000004 1.0000000180025095e-35 -0.72022613063384411 1.5000000000000002 -0.48530703232403971 1.5000000000000002 1.5000000000000002 1.5000000000000002 -0.94853466387777108 1.5000000000000002 0.37868476159008563
decision_type=2 2 2 2 2 2 2 2 2 2 2 2 2 2 2 2 2 2 2 2 2 2 2 2 2 2 2 2 2 2
left_child=1 3 10 6 -4 17 16 19 14 -10 26 12 -12 18 -3 23 -1 -6 -13 -5 -9 22 -18 -16 -25 -22 -2 -8 29 -29
right_child=2 8 4 7 5 -7 27 20 9 -11 11 13 -14 -15 15 -17 21 -19 -20 -21 25 -23 -24 24 -26 -27 -28 28 -30 -31
leaf_value=0.052533361880180533 -0.0037535388650665937 0.039905692982321314 -0.04466420546335631 0.024600179140304289 -0.013449577243053547 -0.05165349374844324 0.077729029015079595 0.02322656310283723 0.069551059164696977 0.017832186311597255 0.0066539516363182671 0.066043734040544241 -0.050404890401205465 -0.047674095903377282 0.03952991742487192 -8.4024063999327397e-05 0.027035642406475036 0.020662144494860632 -0.0052710315362511223 -0.027263010545601568 0.035669135484542917 0.065925581096077851 -0.050488684735514655 0.021534393164185598 -0.050125759306733964 0.057549031627233897 0.032341509690110598 0.036488152934479538 0.0711082926037368 0.060495305342687759
leaf_weight=164.98035392165184 21.59015941619873 62.66934210062027 166.60644310712814 76.895517498254776 61.738511130213737 31.201051086187363 110.29658579826355 39.175160318613052 34.876123130321503 29.562009811401367 30.705948173999786 14.42580915987492 26.752977073192596 5.7024011611938468 60.805014714598656 95.655019789934158 26.711434483528137 44.736241325736046 9.0467571765184402 11.39942194521427 61.343520447611809 10.156083047389982 7.7438984662294379 34.019111484289169 7.798192933201789 146.73168614506721 58.939763948321342 52.17027673125267 165.18873070180416 105.70893916487694
leaf_count=347 96 153 1142 236 330 219 177 104 61 89 127 37 151 26 156 389 76 150 43 46 158 23 38 112 39 304 203 117 286 199
internal_value=0.0292649 0.0457093 -0.0162157 0.0525383 -0.0294431 -0.0110234 0.0595464 0.0391098 0.0251731 0.0458242 0.00786168 -0.00589808 -0.0199127 0.0217033 0.0200736 0.0138053 0.0461263 0.000882743 0.0385577 0.0179043 0.0466824 0.0224321 0.00961191 0.0267516 0.00817103 0.0510985 0.0226644 0.0660368 0.0620451 0.0525623
internal_weight=1775.33 1303.89 471.446 978.502 304.282 137.676 642.956 335.545 325.385 64.4381 167.164 86.6339 57.4589 29.175 260.947 198.277 209.592 106.475 23.4726 88.2949 247.25 44.6114 34.4553 102.622 41.8173 208.075 80.5299 433.365 323.068 157.879
internal_count=5634 3110 2524 2111 1841 699 1263 848 999 150 683 384 278 106 849 696 484 480 80 282 566 137 114 307 151 462 299 779 602 316
is_linear=0
shrinkage=0.05


Tree=13
num_leaves=31
num_cat=0
split_feature=16 13 16 15 0 9 1 0 1 1 9 2 2 1 1 5 0 8 14 0 0 3 1 1 18 1 2 7 2 3
split_gain=478.876 67.6125 56.994 39.5403 34.9064 21.395 19.8963 17.6792 19.0851 17.5484 17.5408 14.3046 12.205 11.0938 10.266 10.1807 9.45137 11.0704 10.4317 9.02385 8.75131 8.7759 13.9921 8.28446 11.1748 14.244 10.0716 7.92579 7.69427 10.952
threshold=1.0000000180025095e-35 1.0000000180025095e-35 1.5000000000000002 1.5000000000000002 -0.88287949002179567 1.0000000180025095e-35 0.90647029418377401 -0.63889945093986822 0.43677436423404498 0.49486396687800444 1.0000000180025095e-35 2.4081436801298381 -0.90981060475032771 -0.45282640768487625 1.3678677094700804 1.0000000180025095e-35 0.86564412339868479 1.5000000000000002 1.5000000000000002 1.0689608226336247 0.74365410385772102 1.0000000180025095e-35 1.1438078135576657 -1.4586063848917161 1.5000000000000002 0.31727575308075701 -0.46823548966189871 1.0000000180025095e-35 -0.99094986736459634 1.0000000180025095e-35
decision_type=2 2 2 2 2 2 2 2 2 2 2 2 2 2 2 2 2 2 2 2 2 2 2 2 2 2 2 2 2 2
left_child=1 4 3 23 10 27 -4 9 15 28 12 14 -1 -14 -8 -9 17 -7 19 -18 21 -10 -23 -2 26 -26 -25 -6 -3 -30
right_child=2 7 6 -5 5 16 11 8 20 -11 -12 -13 13 -15 -16 -17 18 -19 -20 -21 -22 22 -24 24 25 -27 -28 -29 29 -31
leaf_value=0.053207069489775077 -0.043810423407431638 0.044049719436919071 -0.045851107968408716 0.016260483847247185 0.035321720604645959 0.034129588110945651 -0.021167841266842249 -0.049785626422765156 0.048264864249624083 0.05900912643240154 0.065358969529673294 -0.0594915620560314 0.041179128403957793 -0.013159174082277476 0.024759787466100205 0.0035038188252071133 0.03028296245428716 0.05418086132188165 0.040887408856220775 -0.053149398871220256 -0.014757765137276167 -0.029861006778857415 0.04653813129918638 0.015373388768685903 -0.017201800973700054 0.047513117085747437 -0.04563148952643966 0.0064928066732121651 0.032818144091768267 0.003678413844041023
leaf_weight=139.13176512718201 33.440468072891235 37.353961005806923 141.42283482849598 152.35172593593597 42.160620212554932 98.389403119683266 25.834253221750259 17.885529801249504 31.066596865653992 45.832286611199379 344.00246876478195 12.494313701987265 27.01730965077877 14.399268910288809 22.999373391270638 17.96524703502655 6.0417296737432462 229.17785440385342 24.521154165267944 6.9909165352582932 13.090619549155234 12.093631446361544 11.880306854844092 8.6386778801679593 24.018904492259026 13.162344112992285 31.204767480492592 54.867928013205528 64.629315987229347 64.351052150130272
leaf_count=285 228 88 1029 529 121 238 144 97 74 87 611 95 64 50 83 84 17 477 61 32 48 42 27 44 137 50 185 190 195 222
internal_value=0.0279066 0.0434603 -0.015619 -0.000253511 0.0499077 0.0398886 -0.0355367 0.0233377 0.00644824 0.0316151 0.058735 -0.0117516 0.0461143 0.0222874 0.000462882 -0.0230817 0.0454344 0.0481582 0.0216757 -0.0144715 0.0219869 0.0307262 0.00799866 -0.0230293 -0.0140072 0.0057076 -0.0324047 0.0190195 0.0240669 0.0182797
internal_weight=1768.42 1302.85 465.568 262.817 986.7 462.15 202.751 316.149 103.982 212.167 524.551 61.3279 180.548 41.4166 48.8336 35.8508 365.121 327.567 37.5538 13.0326 68.1312 55.0405 23.9739 110.465 77.0247 37.1812 39.8434 97.0285 166.334 128.98
internal_count=5634 3110 2524 1173 2146 1136 1351 964 372 592 1010 322 399 114 227 181 825 715 110 49 191 143 69 644 416 187 229 311 505 417
is_linear=0
shrinkage=0.05


Tree=14
num_leaves=31
num_cat=0
split_feature=16 10 16 15 0 9 1 1 2 1 0 1 0 2 0 0 1 18 17 12 2 0 7 9 2 8 1 18 1 2
split_gain=432.301 63.5153 53.3036 35.9654 32.5955 19.9745 19.1161 18.0643 13.575 11.5676 15.7434 11.2074 10.812 11.2009 10.5086 12.4984 9.26625 9.24289 9.1347 8.41027 8.3302 8.31582 15.4573 9.73497 7.99746 10.3942 7.89441 10.3325 12.6393 9.43956
threshold=1.0000000180025095e-35 1.0000000180025095e-35 1.5000000000000002 1.5000000000000002 -0.63889945093986822 1.0000000180025095e-35 0.90647029418377401 0.37868476159008563 2.4081436801298381 0.88987326485692841 -0.11027603292902537 -0.30677254960863537 -0.92354282986878367 -0.71214762719569291 -0.59823611109288033 -0.72022613063384411 1.3678677094700804 2.5000000000000004 1.0000000180025095e-35 1.5000000000000002 -0.85483891911239118 0.37768404523482974 1.0000000180025095e-35 1.0000000180025095e-35 -0.94853466387777108 1.5000000000000002 -1.4586063848917161 1.5000000000000002 0.31727575308075701 -0.46823548966189871
decision_type=2 2 2 2 2 2 2 2 2 2 2 2 2 2 2 2 2 2 2 2 2 2 2 2 2 2 2 2 2 2
left_child=1 4 3 26 5 11 -4 17 16 12 -11 19 -3 14 15 -14 -8 -6 -9 20 -1 22 -15 -23 -7 -26 -2 29 -29 -28
right_child=2 9 6 -5 7 24 8 18 -10 10 -12 -13 13 21 -16 -17 -18 -19 -20 -21 -22 23 -24 -25 25 -27 27 28 -30 -31
leaf_value=0.047529692157045687 -0.042878225770318586 0.02653846299285988 -0.044986047095138558 0.015358999953810699 0.021989385867445848 0.072414287126912294 -0.020360585782713974 0.020023081135344747 -0.058947519060878098 0.065763075030774415 0.01627971226601739 0.014242017522011711 -0.030804061694402852 0.093213523844228027 -0.065207142026582149 0.048190157886245408 0.023285576410808941 -0.026440512721743026 0.046279727003562719 0.074567852778592014 0.016143190322625147 -0.053123616220774064 0.015384182445802867 0.018968587366838596 0.047452809491518658 0.065504218428284453 0.014477994037069068 -0.016512060556026359 0.044128680175271912 -0.044560189931347978
leaf_weight=129.85752043128014 32.483596920967102 148.49004539847374 137.04696628451347 153.20651149749756 77.497553989291191 107.6633169054985 25.523674711585045 39.372799843549728 11.991862580180166 32.517427176237106 31.786157980561256 31.394407391548157 13.184827685356142 7.1700109839439383 9.0219314247369748 8.0734182000160235 23.226635962724686 11.286753058433531 208.74937319755554 23.415907323360443 25.250958010554314 8.5668089240789413 57.864602282643318 10.328268513083458 156.43658815324306 162.67042000591755 8.7123348116874677 23.777400210499763 13.455325856804846 30.378394857048988
leaf_count=271 228 425 1029 529 236 177 144 104 95 57 93 92 57 15 52 26 83 46 462 44 77 42 195 37 316 286 44 137 50 185
internal_value=0.0266284 0.0413607 -0.0150435 -0.000252347 0.0477643 0.0544194 -0.0346375 0.0351876 -0.0112891 0.0222951 0.0413028 0.0417919 0.0176425 0.0060763 -0.0199927 -0.00080378 0.000434226 0.0158327 0.0421132 0.0466367 0.0424201 0.0154815 0.0239648 -0.0137172 0.0606305 0.0566548 -0.022234 -0.0134477 0.00540256 -0.0314021
internal_weight=1760.4 1300.6 459.803 262.014 973.596 636.689 197.789 336.906 60.7422 327.003 64.3036 209.919 262.7 114.21 30.2802 21.2582 48.7503 88.7843 248.122 178.524 155.108 83.9297 65.0346 18.8951 426.77 319.107 108.807 76.3235 37.2327 39.0907
internal_count=5634 3110 2524 1173 2111 1263 1351 848 322 999 150 484 849 424 135 83 227 282 566 392 348 289 210 79 779 602 644 416 187 229
is_linear=0
shrinkage=0.05


Tree=15
num_leaves=31
num_cat=0
split_feature=16 13 10 0 1 0 9 1 0 1 1 2 13 1 0 6 1 18 18 12 16 1 0 1 1 16 0 0 1 0
split_gain=390.691 58.6789 50.7945 31.009 29.7411 23.1578 17.7085 16.8263 15.2008 16.0415 15.3387 14.925 11.6217 11.203 16.8863 12.4042 9.51977 9.28948 13.731 17.8723 9.1051 8.85395 10.9549 8.09141 7.72243 7.89282 12.5899 11.5862 10.995 20.2276
threshold=1.0000000180025095e-35 1.0000000180025095e-35 1.0000000180025095e-35 -0.88287949002179567 0.17454130086988542 1.5569209007974796 1.0000000180025095e-35 0.36872654399397814 -0.63889945093986822 1.1255510812981353 0.62266109269471526 -0.95745492941294386 1.5000000000000002 1.3014795921626983 0.58100074446976946 1.0000000180025095e-35 1.2732646423070604 1.5000000000000002 2.5000000000000004 1.0000000180025095e-35 1.5000000000000002 1.025968905337062 0.86564412339868479 0.6890492100020974 1.1537660311537727 1.5000000000000002 1.312940861715552 1.0282974827866365 0.50316248154142718 1.272277521868564
decision_type=2 2 2 2 2 2 2 2 2 2 2 2 2 2 2 2 2 2 2 2 2 2 2 2 2 2 2 2 2 2
left_child=1 3 12 7 -4 16 -5 11 10 17 -3 -1 -2 14 -14 20 24 23 19 -19 -15 22 -8 -10 25 26 27 -6 29 -27
right_child=2 8 4 6 5 -7 21 -9 9 -11 -12 -13 13 15 -16 -17 -18 18 -20 -21 -22 -23 -24 -25 -26 28 -28 -29 -30 -31
leaf_value=0.057358354593007123 0.021076627084592969 0.022092247043039581 -0.042222378802228844 0.017147610988354638 0.010913727999072788 -0.049858330949290888 0.038661579187677445 0.064879159684416793 -0.017082393227475706 0.031437051486159315 0.057176908782042436 0.035417266872930002 0.0065074648128448367 0.059526613130939002 -0.048685037309600651 -0.047021876411121502 0.018134992827048033 0.055638702472857952 -0.036656990438183469 -0.025873330709890719 -0.0044479363933938214 0.052775706033331364 -0.0034709908330990526 -0.08244002533404278 -0.067870466821071923 -0.058691781507947807 0.075641997512796294 -0.066989869222817897 -0.058902274137533767 0.10951205731001018
leaf_weight=156.32334204018116 81.006817206740379 175.15906929969788 153.59609008580446 97.810813277959824 22.754400208592418 28.67193216085434 236.31537929177284 207.36137194931507 18.377528592944149 36.93512387573719 37.891675621271133 153.72377444803715 30.589194908738136 14.805833011865619 25.337712854146957 5.6369203776121131 45.291793793439865 17.56212306022644 13.594760686159132 10.897577524185182 8.9079598039388657 112.43407092988491 16.505713611841202 6.3794319629669181 5.6456945687532416 3.910944581031802 5.7446311116218558 6.0395053625106803 12.932745546102522 3.2917483448982239
leaf_count=296 299 521 1142 311 96 219 537 363 86 94 71 351 127 37 151 26 150 47 70 47 43 229 59 28 31 31 19 33 101 19
internal_value=0.0254244 0.0393971 -0.0144872 0.0454417 -0.0271957 -0.0100078 0.0360425 0.0538537 0.0206893 0.00499402 0.0283322 0.0464798 0.00751424 -0.00536892 -0.0184975 0.0196472 0.000811021 -0.00962438 0.00468046 0.0244267 0.0354949 0.0411023 0.0359109 -0.0339239 -0.0121969 -0.00644799 0.00805723 -0.00542651 -0.031329 0.0181801
internal_weight=1751.44 1297.27 454.164 980.474 287.879 134.283 463.066 517.408 316.797 103.747 213.051 310.047 166.284 85.2776 55.9269 29.3507 105.611 66.8114 42.0545 28.4597 23.7138 365.255 252.821 24.757 60.3197 54.674 34.5385 28.7939 20.1354 7.20269
internal_count=5634 3110 2524 2146 1841 699 1136 1010 964 372 592 647 683 384 278 106 480 278 164 94 80 825 596 114 330 299 148 129 151 50
is_linear=0
shrinkage=0.05


Tree=16
num_leaves=31
num_cat=0
split_feature=16 10 1 16 0 17 1 2 18 1 3 17 2 0 11 2 1 2 18 1 2 18 8 2 12 15 2 5 0 5
split_gain=353.416 55.8038 47.8755 30.7573 29.1808 19.5817 18.7121 16.2541 12.9572 11.4088 13.9441 15.632 24.1639 10.5836 10.1849 14.3371 11.6694 9.87975 9.84984 9.53279 16.5983 9.07951 8.55118 8.42829 8.41247 8.40056 7.652 13.1191 7.77658 7.09884
threshold=1.0000000180025095e-35 1.0000000180025095e-35 -0.77895803395739116 1.5000000000000002 -0.88287949002179567 1.0000000180025095e-35 0.36872654399397814 -0.96484820368039614 1.5000000000000002 0.55793267832001747 1.0000000180025095e-35 1.0000000180025095e-35 0.43464478595975037 1.5569209007974796 1.0000000180025095e-35 -0.98906035299015083 0.55793267832001747 -0.18709332762231576 2.5000000000000004 1.2732646423070604 2.4081436801298381 2.5000000000000004 1.0000000180025095e-35 -0.97781115113298711 1.5000000000000002 1.5000000000000002 -0.48530703232403971 1.0000000180025095e-35 -0.84221615017480789 1.0000000180025095e-35
decision_type=2 2 2 2 2 2 2 2 2 2 2 2 2 2 2 2 2 2 2 2 2 2 2 2 2 2 2 2 2 2
left_child=1 4 -2 9 6 18 7 23 -7 10 -4 29 -13 -11 16 -16 26 -18 -6 -5 -21 22 -10 -1 -17 -23 28 -28 -3 -12
right_child=2 14 3 19 5 8 -8 -9 21 13 11 12 -14 -15 15 24 17 -19 -20 20 -22 25 -24 -25 -26 -27 27 -29 -30 -31
leaf_value=0.041174085986334673 -0.042019677515645289 0.016068552383517037 -0.02872763598398911 -0.03464366981645111 0.018676147568525814 0.025179783926741302 0.063046217297195187 0.03288531708988212 0.031185522692351825 0.02035196181988843 -0.06429915274451771 0.06381475022451584 -0.035633251069031514 -0.046697304640186947 0.034978569979652638 -0.0015148111808670529 0.071568431786958028 0.027657219147404755 -0.035788383590447705 0.012007110850407182 -0.058259372009150039 -0.004381918379083919 0.054082821598583776 0.066091357473488641 0.029221195143494701 0.058426639632114898 -0.056736957514437025 0.025068423394059056 0.055504039848438463 -0.001200954888486178
leaf_weight=56.642099604010582 113.51415458321571 42.911913171410561 39.362928435206413 79.249735988676548 76.082169577479362 111.81429073214531 213.48161827027798 161.56529855728149 53.231495007872581 116.92135970294476 6.8678264468908319 20.627143636345867 8.6780083030462247 6.1975032538175574 52.091534838080406 116.36432988941669 25.064498022198677 26.198943436145782 9.3178709447383863 33.290405735373497 11.242757737636564 16.079546093940738 174.25384186208248 84.664579153060913 27.528906255960464 7.958632603287696 8.2035496085882187 12.173853874206543 17.640309691429138 12.70111083984375
leaf_count=119 869 114 200 594 211 295 376 369 130 387 42 72 44 31 125 447 44 69 37 129 95 52 357 148 80 17 38 40 42 61
internal_value=0.0242823 0.0375473 -0.0139551 -0.0044494 0.0436039 0.0342776 0.051709 0.0437178 0.0393413 0.0071425 -0.00657958 0.0112583 0.0343656 0.0169769 0.0197364 0.0125022 0.0304614 0.049127 0.0127336 -0.0242423 -0.00573223 0.0456368 0.0487249 0.0561034 0.00436544 0.0164129 0.0186381 -0.00786485 0.0275571 -0.0233456
internal_weight=1741.92 1293.27 448.653 335.139 965.091 448.738 516.354 302.872 363.338 211.356 88.237 48.8741 29.3052 123.119 328.178 195.985 132.193 51.2634 85.4 123.783 44.5332 251.524 227.485 141.307 143.893 24.0382 80.9296 20.3774 60.5522 19.5689
internal_count=5634 3110 2524 1655 2111 1099 1012 636 851 837 419 219 116 418 999 652 347 113 248 818 224 556 487 267 527 69 234 78 156 103
is_linear=0
shrinkage=0.05


Tree=17
num_leaves=31
num_cat=0
split_feature=16 13 1 16 0 9 9 0 1 1 15 18 0 1 1 2 0 6 18 0 8 14 0 0 0 2 8 0 1 1
split_gain=320.006 51.5224 45.0472 28.2296 28.0171 15.8439 15.7205 13.4938 15.8313 13.6112 10.8474 12.1618 10.4072 10.2361 8.97632 15.5898 8.1132 10.7515 9.60377 8.05869 9.18006 8.34686 8.1065 7.97674 16.5303 7.54431 8.65463 7.37433 7.36632 8.06671
threshold=1.0000000180025095e-35 1.0000000180025095e-35 -0.77895803395739116 1.5000000000000002 -0.88287949002179567 1.0000000180025095e-35 1.0000000180025095e-35 -0.35425607201095283 0.47494753168578974 1.0342674200004847 1.5000000000000002 1.0000000180025095e-35 -1.0861961892567351 0.028487442793644405 1.2732646423070604 2.4081436801298381 -1.2488495486446869 1.0000000180025095e-35 2.5000000000000004 0.86564412339868479 1.5000000000000002 1.5000000000000002 1.0689608226336247 -0.11027603292902537 -0.028949353235049533 -0.94853466387777108 1.5000000000000002 0.9063074632456728 -0.17399631499387105 -0.80800283527937078
decision_type=2 2 2 2 2 2 2 2 2 2 2 2 2 2 2 2 2 2 2 2 2 2 2 2 2 2 2 2 2 2
left_child=1 4 -2 10 5 12 13 8 16 23 11 -4 -1 -6 -5 -16 -3 18 28 20 -8 22 -21 -9 -25 -7 -27 -11 29 -18
right_child=2 7 3 14 6 25 19 9 -10 27 -12 -13 -14 -15 15 -17 17 -19 -20 21 -22 -23 -24 24 -26 26 -28 -29 -30 -31
leaf_value=0.043317649241638542 -0.041141479553243446 0.031498010032516309 -0.052525789473665013 -0.033737880498451438 0.019141661886574023 0.067290746969623214 0.027226440769248586 -0.0509787193047683 0.046814538508637454 0.035812365562616646 0.01367975928514005 0.0012129870938008822 0.011949865184536265 -0.046652777723214411 0.011349259872925805 -0.057796391673917404 0.023651000743314436 -0.019723831276713313 -0.00061007709546812363 0.025371074587469331 0.045481464271936424 0.03265416171378812 -0.05346525768517283 0.0651860280983632 -0.023555174235578773 0.041515699242147867 0.061156050565363634 -0.021276982643970477 -0.0011588241491947114 0.070566040587306131
leaf_weight=147.42649930715561 110.22454669326544 62.156769156455994 13.885077327489851 77.357226938009262 92.428428053855896 104.0139911621809 98.73247492313385 13.016443490982054 58.492460370063782 27.112281054258347 154.11527456343174 43.550925694406033 32.221993669867516 6.3153972476720801 33.454709857702255 10.777936980128286 22.502601936459538 25.284235835075378 42.055634275078773 6.1133058071136457 227.6844224780798 24.810179322957993 6.9882111251354218 6.70020264387131 24.207124277949333 116.1193872988224 108.5012624412775 7.1478471755981436 12.760935872793196 15.455567389726641
leaf_count=308 869 149 88 594 280 178 238 65 120 64 527 222 91 31 129 95 79 106 157 17 477 61 32 19 106 239 194 26 40 33
internal_value=0.023205 0.0358147 -0.0134339 -0.0042665 0.041526 0.0496312 0.0326294 0.0183081 0.0242129 0.000279664 0.00676792 -0.0117783 0.0376915 0.0149336 -0.023465 -0.0054991 0.0168771 0.00917931 0.0170564 0.0374255 0.0399598 0.0156055 -0.0166794 -0.0181452 -0.00431753 0.056158 0.0510028 0.0239016 0.0317052 0.0427536
internal_weight=1731.61 1288.25 443.366 333.141 971.356 508.283 463.072 316.892 238.708 78.1839 211.551 57.436 179.648 98.7438 121.59 44.2326 180.216 118.059 92.7747 364.329 326.417 37.9117 13.1015 43.9238 30.9073 328.635 224.621 34.2601 50.7191 37.9582
internal_count=5634 3110 2524 1655 2146 1010 1136 964 684 280 837 310 399 311 818 224 564 415 309 825 715 110 49 190 125 611 433 90 152 112
is_linear=0
shrinkage=0.05


Tree=18
num_leaves=31
num_cat=0
split_feature=16 10 10 0 1 0 9 1 13 1 0 6 1 4 0 1 11 8 2 2 12 3 1 16 1 1 2 8 18 2
split_gain=290.174 48.6041 42.7885 26.9325 25.7706 20.1574 17.709 14.1823 10.0282 9.40052 15.3916 11.3615 9.25751 8.9691 14.4859 16.9089 9.90087 7.85692 8.46455 12.6897 7.66713 7.4756 7.51932 7.44858 7.41333 7.56629 7.39303 9.4843 7.18186 7.10412
threshold=1.0000000180025095e-35 1.0000000180025095e-35 1.0000000180025095e-35 -0.63889945093986822 0.17454130086988542 1.5569209007974796 1.0000000180025095e-35 0.37868476159008563 1.5000000000000002 1.3014795921626983 0.58100074446976946 1.0000000180025095e-35 -0.30677254960863537 1.0000000180025095e-35 -0.35425607201095283 0.55793267832001747 1.5000000000000002 1.5000000000000002 0.13203686178257182 -0.03204329343090153 1.5000000000000002 1.0000000180025095e-35 0.011060562000456626 1.5000000000000002 1.2732646423070604 1.1537660311537727 -0.94853466387777108 1.5000000000000002 2.5000000000000004 1.8799584991801996
decision_type=2 2 2 2 2 2 2 2 2 2 2 2 2 2 2 2 2 2 2 2 2 2 2 2 2 2 2 2 2 2
left_child=1 3 8 6 -4 24 12 28 -2 10 -10 23 20 14 15 -3 -15 18 19 -9 -1 22 -14 -11 25 -6 -8 -28 -5 -26
right_child=2 13 4 7 5 -7 26 17 9 11 -12 -13 21 16 -16 -17 -18 -19 -20 -21 -22 -23 -24 -25 29 -27 27 -29 -30 -31
leaf_value=0.034694954920576553 0.019643153323848726 0.014460300563324613 -0.039860111512564106 0.016860377868393599 -0.0052728903245196253 -0.048161198329163532 0.063978808150899666 0.0039826640830146372 0.0063347494319245792 0.054122141944741298 -0.047137337853043526 -0.046439318043572812 0.00069751558558224329 0.055476506105648166 -0.0064284257707568643 0.05265287292657609 0.0063259795845856982 0.039107589753088902 -0.0090923177542150575 0.070866242636872731 0.065454824980271872 -0.016279182121644056 0.067821331280875002 -0.0037824788280891733 0.034774078060773338 -0.067160305317108954 0.039467395029634783 0.057039502245409428 -0.025992995008516612 -0.0046525948413800372
leaf_weight=153.84057565033436 81.427181884646416 183.90717503428459 141.80591616779566 78.617222562432289 53.469818338751793 26.385820254683495 100.37234891951084 15.927349507808687 30.495151668787003 15.083025574684147 24.087735213339329 5.5811407789587966 8.8453922718763369 29.356320202350616 64.889171838760376 34.400911793112755 15.739541754126547 199.20374798774719 19.245738968253136 12.783836439251898 23.330613702535629 14.958743691444399 7.8971296101808539 8.7905485183000565 23.784171298146248 5.4413541182875624 151.9338320940733 155.25702464580536 11.1656057536602 21.987787708640099
leaf_count=348 299 568 1142 236 299 219 177 43 127 37 151 26 26 67 246 69 49 443 57 23 44 49 17 43 65 31 316 286 46 85
internal_value=0.0221939 0.0342041 -0.012923 0.0399178 -0.0250876 -0.00910501 0.0461309 0.0285509 0.00713823 -0.00497826 -0.0172628 0.0177863 0.0342929 0.0176113 0.0143134 0.0204787 0.0383218 0.0347335 0.0165646 0.033763 0.0387455 0.00940806 0.0323585 0.0328009 0.000739268 -0.0109891 0.0521978 0.0483485 0.011531 0.0158344
internal_weight=1720.01 1281.67 438.34 953.379 272.875 131.069 616.436 336.944 165.465 84.0376 54.5829 29.4547 208.872 328.293 283.197 218.308 45.0959 247.161 47.9569 28.7112 177.171 31.7013 16.7425 23.8736 104.683 58.9112 407.563 307.191 89.7828 45.772
internal_count=5634 3110 2524 2111 1841 699 1263 848 683 384 278 106 484 999 883 637 116 566 123 66 392 92 43 80 480 330 779 602 282 150
is_linear=0
shrinkage=0.05


Tree=19
num_leaves=31
num_cat=0
split_feature=16 13 1 0 16 17 4 1 0 18 0 1 1 17 1 2 1 2 3 0 6 1 0 2 1 2 0 3 1 2
split_gain=263.084 45.2596 40.2264 25.4226 24.2727 15.7561 14.2427 14.1067 13.8383 13.2285 12.1452 15.2669 10.9822 9.82396 18.0295 10.6356 9.24482 12.5068 15.1448 14.0294 11.4541 11.3956 10.8384 10.5906 8.85788 9.35093 8.80518 8.30261 8.25411 14.3917
threshold=1.0000000180025095e-35 1.0000000180025095e-35 -0.77895803395739116 -0.88287949002179567 1.5000000000000002 1.0000000180025095e-35 1.0000000180025095e-35 0.57618941057954742 1.1096241624806125 2.5000000000000004 -0.59823611109288033 -0.34992482585843382 0.62266109269471526 1.0000000180025095e-35 0.22931149764847567 -0.46823548966189871 0.97285841149115615 0.43464478595975037 1.0000000180025095e-35 0.13370400615290218 1.0000000180025095e-35 0.48822515514726633 1.3942675414095278 1.910674093313627 0.2674846651002204 -0.95169850190009841 0.45901072492880557 1.0000000180025095e-35 1.2732646423070604 2.4081436801298381
decision_type=2 2 2 2 2 2 2 2 2 2 2 2 2 2 2 2 2 2 2 2 2 2 2 2 2 2 2 2 2 2
left_child=1 3 -2 5 13 -1 7 9 -8 -5 12 -12 -3 14 -4 -15 17 18 20 21 -17 -20 -19 -18 25 -7 27 -13 -6 -30
right_child=2 10 4 6 28 24 8 -9 -10 -11 11 26 -14 15 -16 16 23 22 19 -21 -22 -23 -24 -25 -26 -27 -28 -29 29 -31
leaf_value=0.031607944550218828 -0.039513068461502251 0.017782583406731375 -0.045842211160336849 0.017943755905240576 -0.032206164680286309 0.052861379555830715 0.045566504057205331 0.033577874279297565 -0.016040194438294946 -0.026389874287115596 -0.03700138583684711 0.039578064723809855 0.047555955753161565 0.062930483422360448 0.0090090497151461314 -0.068115393439789021 0.03352858091489707 -0.048557740104876193 -0.046502444896160039 0.085548356510297366 0.026371856802805217 0.05596543190065989 0.029674298876291222 -0.0078411428452822875 0.058388130361023111 0.02812602326436018 -0.013981440371289323 0.0012320904901695843 0.010981522072131905 -0.057185283457804617
leaf_weight=138.81180243194103 104.18355245143175 178.07538652420044 22.659466631710529 125.3644432425499 74.166500337421894 91.667450591921806 148.44630980491638 158.62073509395123 9.7115192264318448 19.434607222676277 20.143430024385452 31.327477499842644 37.493611112236977 10.158444836735724 44.212117657065392 7.3670740947127324 53.303493916988373 19.949898056685928 5.633091479539873 9.7126989215612394 5.6805821061134338 5.2348221987485886 5.6899626925587645 21.796071976423264 201.45984303951263 65.516770392656326 23.663438677787781 25.693631023168564 33.480819806456566 10.072343416512011
leaf_count=310 869 527 138 350 594 176 320 361 34 71 112 84 74 32 170 41 154 101 27 31 23 15 25 80 370 154 84 83 129 95
internal_value=0.0212243 0.0326596 -0.0124357 0.0380696 -0.00386423 0.0459112 0.0296184 0.0232773 0.0417836 0.0119934 0.0162613 0.0019375 0.022961 0.00626852 -0.00957732 0.0136003 0.00987087 -0.00489231 0.0151634 0.0418803 -0.0269783 0.00285396 -0.0311966 0.0215219 0.0514473 0.0425513 0.0116588 0.0222994 -0.0220604 -0.00478311
internal_weight=1708.73 1275.43 433.301 959.033 329.117 497.456 461.578 303.42 158.158 144.799 316.397 100.828 215.569 211.398 66.8716 144.526 134.368 59.2681 33.6283 20.5806 13.0477 10.8679 25.6399 75.0996 358.644 157.184 80.6845 57.0211 117.72 43.5532
internal_count=5634 3110 2524 2146 1655 1010 1136 782 354 421 964 363 601 837 308 529 497 263 137 73 64 42 126 234 700 330 251 167 818 224
is_linear=0
shrinkage=0.05


Tree=20
num_leaves=31
num_cat=0
split_feature=16 10 16 0 17 15 1 18 1 2 13 1 2 2 2 0 18 1 8 1 18 18 1 1 1 1 1 18 11 11
split_gain=238.658 43.1323 37.8854 24.7721 21.7864 21.0432 16.1447 12.6856 12.2967 10.9547 9.06901 7.7673 13.2288 8.83445 12.0046 9.96513 7.20082 11.0418 7.98959 6.5883 6.47347 14.3674 8.91525 6.41199 10.0505 6.38909 8.04747 7.2256 5.75309 5.52554
threshold=1.0000000180025095e-35 1.0000000180025095e-35 1.5000000000000002 -1.0861961892567351 1.0000000180025095e-35 1.5000000000000002 0.90647029418377401 1.5000000000000002 0.36872654399397814 2.4081436801298381 1.5000000000000002 0.88987326485692841 0.27915532982079072 -0.98423769711583942 -0.97533940267804387 -1.1675228689507111 2.5000000000000004 -0.10926790061917345 1.0000000180025095e-35 -1.4934601464780917 1.5000000000000002 2.5000000000000004 0.19943684486015373 -0.45282640768487625 -0.65531016547239174 1.3678677094700804 1.0641420727888067 1.0000000180025095e-35 1.5000000000000002 1.5000000000000002
decision_type=2 2 2 2 2 2 2 2 2 2 2 2 2 2 2 2 2 2 2 2 2 2 2 2 2 2 2 2 2 2
left_child=1 3 5 8 23 19 -4 -6 10 25 28 13 -13 -3 -15 -16 18 -18 -9 -2 22 -22 -21 24 -5 26 -8 -27 -1 -23
right_child=2 11 6 4 7 -7 9 16 -10 -11 -12 12 -14 14 15 -17 17 -19 -20 20 21 29 -24 -25 -26 27 -28 -29 -30 -31
leaf_value=0.04584283698253893 -0.057747225529585625 0.029226326389164087 -0.040676315140012728 0.014468908574814119 0.02201800836269098 0.011792028890370045 0.03388252958969485 0.029867851880423586 0.0589767993659297 -0.05679016100184156 0.008692750247066448 0.053732768171352745 0.007828157320271107 -0.040793150490781138 0.03748658769353088 0.0054526559561767392 -0.022054498855034906 0.038127006002721127 0.048152679805623877 -0.013121774278518178 0.029348819357120526 -0.043036640458614273 -0.062960413165867715 0.015951646136975334 -0.055922338310079735 0.0492668087762555 -0.033354769294281904 -0.0061010522562238633 0.019854291608758404 0.0083640767030992418
leaf_weight=193.57987026870251 9.2927414178848249 57.455006569623947 116.39215313643217 12.179279163479807 135.25781521201134 155.39791072905064 5.9244403615593937 84.259975627064705 131.69319865107536 9.6460809335112554 21.156717345118523 32.28138393163681 30.544710919260979 12.319946303963659 28.386371746659279 167.71818605065346 11.223669007420538 23.749366626143456 205.31779316067696 31.927470915019512 21.559852667152882 16.538425058126453 12.480731830000876 89.096613824367523 8.6885751783847791 11.175074860453607 17.883673653006554 12.465268388390539 23.927125483751297 7.6455767303705207
leaf_count=388 80 140 1029 37 347 529 38 197 242 95 55 61 89 47 69 593 41 54 421 219 100 126 78 239 34 34 106 49 56 41
internal_value=0.0203 0.0311939 -0.0119708 0.0366449 0.0301013 0.000298363 -0.0299935 0.0348826 0.0467119 -0.00821557 0.0399441 0.0156034 0.0314149 0.0118672 0.00708193 0.0100896 0.040244 0.0188133 0.0428322 -0.0176623 -0.0135304 -0.00032909 -0.0271287 0.0101085 -0.0148393 0.00165945 -0.0166234 0.020072 0.0429839 -0.0267867
internal_weight=1697.17 1268.84 428.329 940.13 569.773 254.843 173.487 459.809 370.357 57.0945 238.664 328.706 62.8261 265.88 208.425 196.105 324.551 34.973 289.578 99.4448 90.1521 45.7439 44.4082 109.964 20.8679 47.4485 23.8081 23.6403 217.507 24.184
internal_count=5634 3110 2524 2111 1370 1173 1351 1060 741 322 499 999 150 849 709 662 713 95 618 644 564 267 297 310 71 227 144 83 444 167
is_linear=0
shrinkage=0.05


Tree=21
num_leaves=31
num_cat=0
split_feature=16 13 1 0 16 1 1 2 4 0 1 1 17 1 2 18 1 2 3 0 6 1 0 2 2 2 0 18 18 12
split_gain=216.635 40.0272 35.8627 23.2966 20.2048 14.7902 13.0954 12.1199 11.5135 11.0449 11.6854 10.4761 8.7374 16.5356 9.35996 8.19443 8.07507 11.211 13.3967 11.9267 10.7137 10.2565 10.0364 9.40505 7.95644 14.1969 10.0806 7.94626 10.1462 14.6059
threshold=1.0000000180025095e-35 1.0000000180025095e-35 -0.77895803395739116 -0.88287949002179567 1.5000000000000002 0.36872654399397814 1.025968905337062 -0.95745492941294386 1.0000000180025095e-35 -0.63889945093986822 1.1255510812981353 0.62266109269471526 1.0000000180025095e-35 0.22931149764847567 -0.46823548966189871 2.5000000000000004 0.97285841149115615 0.43464478595975037 1.0000000180025095e-35 0.13370400615290218 1.0000000180025095e-35 0.48822515514726633 1.3942675414095278 1.910674093313627 0.43464478595975037 0.7559281429076109 0.9063074632456728 1.5000000000000002 2.5000000000000004 1.0000000180025095e-35
decision_type=2 2 2 2 2 2 2 2 2 2 2 2 2 2 2 2 2 2 2 2 2 2 2 2 2 2 2 2 2 2
left_child=1 3 -2 5 12 7 8 -1 15 11 27 -3 13 -4 -14 24 17 18 20 21 -16 -20 -19 -18 -5 -26 -27 -11 29 -29
right_child=2 9 4 6 -6 -7 -8 -9 -10 10 -12 -13 14 -15 16 -17 23 22 19 -21 -22 -23 -24 -25 25 26 -28 28 -30 -31
leaf_value=0.045834588408194828 -0.037921974207301784 0.015949351183770468 -0.044775747573457592 0.023471731705269661 -0.020513399833258047 0.053526020216214033 0.041985600253454859 0.025643525555550613 0.035423844329314627 -0.034141218465395876 0.023501763326252003 0.045722498896233053 0.058223393339454893 0.0081928566120973208 -0.067099140832488233 -0.010252530957690714 0.031019810447199508 -0.047294598335426929 -0.045382372986522014 0.077766130467629813 0.024635818838018759 0.051773995466558489 0.02786954594229368 -0.0079159755391395911 -0.046276064320931301 0.049206510736454608 -0.019965425595619368 0.046295252799268133 -0.034785360792910634 -0.027254654316722155
leaf_weight=147.11545494198799 98.630293436348438 177.15022720396519 22.048864111304283 178.13688357174397 113.5536760315299 188.88367480039597 109.39031076431274 150.20596712827682 111.59857426583767 24.562095284461975 36.985448911786079 35.459561467170715 10.396121069788931 44.41247946023941 7.1381819322705251 26.490316852927208 53.830874681472778 19.441650889813904 5.5388475805521029 10.082846313714979 5.7438969016075134 5.3307763636112213 5.7560727000236502 21.786914676427841 12.14080013334751 12.990711390972139 8.8587474822998029 17.771223738789558 13.080935552716253 10.88404366374016
leaf_count=296 869 521 138 457 818 363 229 351 261 114 94 71 32 170 41 88 154 101 27 31 23 15 25 80 41 28 32 47 70 47
internal_value=0.0194206 0.0298086 -0.0115135 0.0349553 -0.00350056 0.0425849 0.0268843 0.0356341 0.0221674 0.0143986 0.000984674 0.020915 0.00563325 -0.00937973 0.0125123 0.0159675 0.00898303 -0.00487518 0.0139288 0.0385985 -0.0261961 0.00226591 -0.0301244 0.0198017 0.0192418 -0.00292641 0.0211611 -0.0115768 0.00170254 0.018359
internal_weight=1685.4 1261.7 423.691 945.811 325.061 486.205 459.606 297.321 350.216 315.894 103.284 212.61 211.508 66.4613 145.046 238.617 134.65 59.0323 33.8345 20.9525 12.8821 10.8696 25.1977 75.6178 212.127 33.9903 21.8495 66.2983 41.7362 28.6553
internal_count=5634 3110 2524 2146 1655 1010 1136 647 907 964 372 592 837 308 529 646 497 263 137 73 64 42 126 234 558 101 60 278 164 94
is_linear=0
shrinkage=0.05


Tree=22
num_leaves=31
num_cat=0
split_feature=16 10 10 0 1 0 9 1 7 18 0 2 8 0 0 0 18 17 1 0 2 8 12 1 13 4 0 1 11 0
split_gain=196.719 38.2495 33.9742 22.9438 21.1607 17.3681 16.2335 11.3913 12.0389 8.47182 10.2839 14.823 10.3469 11.2049 12.3428 9.70821 7.88204 7.87563 7.85542 7.60698 7.59589 9.27013 7.24862 7.10986 9.32957 6.93987 11.3239 14.4157 8.80685 6.82087
threshold=1.0000000180025095e-35 1.0000000180025095e-35 1.0000000180025095e-35 -0.63889945093986822 0.17454130086988542 1.5569209007974796 1.0000000180025095e-35 -0.33000839066621923 1.0000000180025095e-35 1.5000000000000002 -0.35425607201095283 1.1353909657104899 1.0000000180025095e-35 0.58100074446976946 0.21503068584687804 0.98763414293964857 1.5000000000000002 1.0000000180025095e-35 -0.30677254960863537 1.35360420156254 -0.94853466387777108 1.5000000000000002 1.5000000000000002 1.3164169185568591 1.5000000000000002 1.0000000180025095e-35 -0.35425607201095283 0.96621959976041782 1.5000000000000002 1.5162575609504916
decision_type=2 2 2 2 2 2 2 2 2 2 2 2 2 2 2 2 2 2 2 2 2 2 2 2 2 2 2 2 2 2
left_child=1 3 9 6 -4 -6 18 8 -5 10 -2 12 13 14 -12 -13 23 -17 22 -19 -8 -22 -1 24 -9 26 27 -3 -27 -21
right_child=2 25 4 7 5 -7 20 16 -10 -11 11 15 -14 -15 -16 17 -18 19 -20 29 21 -23 -24 -25 -26 28 -28 -29 -30 -31
leaf_value=0.028490851066644143 0.042840873073125049 0.012309271259740441 -0.036839401920853623 0.01621723853156197 0.00086058185295636875 -0.046344719176838384 0.058147053886689316 0.018463320502223744 -0.042924656096923849 0.018887668501226751 -0.036702030474460051 0.053821152303649138 -0.059511838664081135 -0.062544439745916502 0.073143317598148447 -0.049054529609088036 0.032447091959069196 -0.034409661957879527 0.0054684843738320547 0.055441552193286149 0.032809337587635941 0.050609546761854689 0.058654423834554825 0.058776889102586799 -0.023703350137294153 0.048207115330213685 -0.0074504118777287054 0.057019634552449697 0.0019354575624642954 -0.0049353570363513295
leaf_weight=151.27196784317493 10.379989154636858 198.65598472952843 127.93829672038555 28.85337820649147 103.27799598127604 24.016760796308517 92.669159263372421 72.66053518652916 12.26125383377075 76.182088509202003 4.5008993297815305 9.6041136384010297 18.820250310003757 5.4910539686679831 5.9223015233874321 7.3185633569955817 196.27159278094769 7.0897776186466244 31.883918240666389 9.7235552743077296 146.10215961933136 146.47230371832848 22.937311008572578 8.4784278720617277 16.007860690355301 29.398002117872238 64.679959684610367 19.827988639473915 15.8153760433197 9.01433566957712
leaf_count=348 31 600 1142 87 480 219 177 186 51 270 24 30 111 37 23 43 447 32 92 33 316 286 44 17 60 67 246 37 49 49
internal_value=0.0185812 0.0284926 -0.0110682 0.0336926 -0.0224788 -0.00804566 0.0396127 0.0232279 -0.00142013 0.00668498 -0.0038952 -0.010156 -0.0344176 -0.00474105 0.0257104 0.00955639 0.0266817 -0.00326932 0.0282862 0.00970444 0.045672 0.0417207 0.0324623 0.0150334 0.0108507 0.0138311 0.0109265 0.0163669 0.0320216 0.0263957
internal_weight=1673.53 1254.25 419.28 925.87 255.233 127.295 591.337 334.533 41.1146 164.047 87.8648 77.4849 34.7345 15.9143 10.4232 42.7503 293.418 33.1462 206.093 25.8277 385.244 292.574 174.209 97.1468 88.6684 328.377 283.164 218.484 45.2134 18.7379
internal_count=5634 3110 2524 2111 1841 699 1263 848 138 683 413 382 195 84 47 187 710 157 484 114 779 602 392 263 246 999 883 637 116 82
is_linear=0
shrinkage=0.05


Tree=23
num_leaves=31
num_cat=0
split_feature=16 17 16 18 15 2 3 0 10 11 0 9 1 11 0 4 9 18 2 0 17 2 12 4 2 0 6 8 0 1
split_gain=178.767 37.3606 31.9011 25.1841 16.2519 15.1884 13.7751 13.1061 13.0415 12.6725 10.9361 13.4043 18.8808 10.5556 11.8437 12.7635 16.3426 10.4219 8.96904 8.81119 10.8338 8.56724 12.7901 8.50091 8.34516 8.14975 10.7041 9.65002 8.19465 8.11489
threshold=1.0000000180025095e-35 1.0000000180025095e-35 1.5000000000000002 1.5000000000000002 1.5000000000000002 0.96484032231940964 1.0000000180025095e-35 0.74365410385772102 1.0000000180025095e-35 1.0000000180025095e-35 -1.2488495486446869 1.5000000000000002 -1.4901407406127227 1.5000000000000002 1.0689608226336247 1.0000000180025095e-35 1.0000000180025095e-35 2.5000000000000004 2.215698838202306 1.5975842406444676 1.0000000180025095e-35 -0.9196536563753458 1.5000000000000002 1.0000000180025095e-35 2.4081436801298381 -0.028949353235049533 1.0000000180025095e-35 1.0000000180025095e-35 1.0689608226336247 0.66083426014645996
decision_type=2 2 2 2 2 2 2 2 2 2 2 2 2 2 2 2 2 2 2 2 2 2 2 2 2 2 2 2 2 2
left_child=1 9 4 6 -2 -4 7 -3 -8 -1 -5 17 -13 19 -15 18 -17 25 -16 20 -7 -11 -23 29 -20 27 28 -12 -27 -19
right_child=2 3 5 10 -6 13 8 -9 -10 21 11 12 -14 14 15 16 -18 23 24 -21 -22 22 -24 -25 -26 26 -28 -29 -30 -31
leaf_value=0.021569063022483168 -0.015702334580456841 0.03530381886075333 -0.043140237893357428 0.050864620122596106 0.010494940411735576 -0.019103905752466503 0.014443131951042271 -0.020250921567578198 -0.028302018789720468 0.014050612410231582 0.032714321645516561 0.054631305952841783 -0.055308391729208477 0.035572412918727828 -0.059626283056776287 0.11105894093754903 -0.02441937011924529 -0.00060674336292868198 0.017597286231399199 -0.05796073154776972 0.062999667064116291 -0.023727598350352468 0.022518119793914822 0.051054604380403039 -0.056135605835742924 0.039901110351155185 -0.0092801737839276633 0.050062957289244071 -0.0033169015422730252 0.043756698877734847
leaf_weight=217.37524084746838 95.442279398441315 108.10991305112839 81.345453478395939 128.38707304000854 155.91016921401024 6.3787442371249243 80.090186148881912 11.772315323352812 22.959467053413391 78.661807432770729 137.34530119597912 6.6163171678781536 9.5308269113302213 7.5846566036343566 28.30384723842144 3.2883160486817342 6.8901928216218948 44.345037937164307 9.3520512729883176 3.1807992830872527 10.855818569660187 49.93791663646698 21.340165227651596 15.837413534522055 6.5080644860863677 78.210840255022049 17.097009405493736 192.50369441509247 12.757455721497534 13.429641366004942
leaf_count=544 644 255 783 257 529 43 210 45 85 231 310 22 47 28 239 23 45 133 37 29 54 201 60 33 70 174 51 386 38 28
internal_value=0.0177827 0.0272476 -0.0106391 0.0328438 0.000547444 -0.0278166 0.0183251 0.0298484 0.00491951 0.0138558 0.0377773 0.034593 -0.0102604 -0.0126785 -0.0229571 -0.0311262 0.0193489 0.0360089 -0.0427592 0.0185004 0.032612 0.00267361 -0.00988195 0.0186016 -0.0126584 0.038935 0.0270181 0.0428392 0.0338402 0.00970548
internal_weight=1661.35 1246.31 415.04 878.992 251.352 163.688 222.932 119.882 103.05 367.315 656.061 527.674 16.1471 82.3425 61.9271 54.3425 10.1785 511.526 44.164 20.4154 17.2346 149.94 71.2781 73.6121 15.8601 437.914 108.065 329.849 90.9683 57.7747
internal_count=5634 3110 2524 2074 1173 1351 595 300 295 1036 1479 1222 69 568 442 414 68 1153 346 126 97 492 261 194 107 959 263 696 212 161
is_linear=0
shrinkage=0.05


Tree=24
num_leaves=31
num_cat=0
split_feature=16 17 1 0 16 1 18 11 7 0 13 1 0 2 17 1 2 2 12 1 0 1 2 1 2 1 2 2 18 2
split_gain=162.379 34.4295 30.2896 24.1007 16.1419 15.2885 12.2609 11.4796 11.1942 13.4067 8.9779 14.1933 8.264 9.96598 9.24635 12.6962 7.87996 7.73454 11.5929 7.53341 7.25973 9.13578 8.13142 7.21309 7.87633 13.7009 13.536 7.16071 16.1595 13.4559
threshold=1.0000000180025095e-35 1.0000000180025095e-35 -0.77895803395739116 -0.63889945093986822 1.5000000000000002 0.2674846651002204 1.5000000000000002 1.0000000180025095e-35 1.0000000180025095e-35 -1.2488495486446869 1.0000000180025095e-35 1.1604048428845111 1.5569209007974796 2.2485016865865739 1.0000000180025095e-35 0.22931149764847567 -0.46823548966189871 -0.9196536563753458 1.5000000000000002 -1.3075734180174217 -1.2081862087976989 -0.28021730268568262 0.77458160458091563 -0.45282640768487625 -0.68001489728143139 0.071639719043442976 -0.90981060475032771 1.112639894376324 1.5000000000000002 1.910674093313627
decision_type=2 2 2 2 2 2 2 2 2 2 2 2 2 2 2 2 2 2 2 2 2 2 2 2 2 2 2 2 2 2
left_child=1 7 -2 5 12 8 10 20 -3 -10 -5 -12 13 14 15 -4 -16 -9 -19 -11 21 -1 -22 -21 25 26 -25 28 -18 -29
right_child=2 3 4 6 -6 -7 -8 17 9 19 11 -13 -14 -15 16 -17 27 18 -20 23 22 -23 -24 24 -26 -27 -28 29 -30 -31
leaf_value=0.017569629673110352 -0.035646022408985414 0.049456513385412411 -0.043051165017839461 0.015937861800963949 -0.018596374537823989 0.046099006620467897 0.028155756603326518 0.013327292279142805 0.039219046658883039 -0.019782555825823913 -0.048478741883050756 0.022728517755382101 -0.048169740156684848 0.063676264130932164 0.053504500952951242 0.0049199411342881749 -0.027643435925633564 -0.022686338155946503 0.021361659675170258 0.035743562180883641 0.011252257641702021 0.054904752704287824 0.056360938507194328 0.01916149680868269 0.03992412916395658 0.020850401488163799 -0.065834691011690552 0.034303948961305446 0.021767384236798415 -0.023881123044188338
leaf_weight=36.485127851366997 91.174641117453575 52.057174056768417 20.794199585914612 94.119895920157433 109.02542433142662 283.40574994683266 226.91394132375717 78.781337037682533 77.28977544605732 15.895514041185377 15.440897062420847 12.798388570547102 7.0374119728803626 7.4568234533071509 10.604321420192717 40.965478777885437 32.684484675526619 49.626580372452736 21.369886696338654 34.243494346737862 139.88582076132298 29.742018073797226 10.758861392736433 7.4770383536815634 13.952435702085493 26.208409771323204 12.540318548679354 45.01833014190197 33.514828778803349 12.750688090920447
leaf_count=86 869 105 136 253 818 580 558 231 166 65 73 34 38 17 32 159 160 201 60 78 377 58 23 18 33 62 49 130 117 48
internal_value=0.0170092 0.0260434 -0.0102235 0.031447 -0.00297672 0.0382382 0.0212766 0.013187 0.0289426 0.0232504 0.00851921 -0.0162067 0.00510073 0.00694031 0.00478544 -0.0112317 0.0121362 0.00254105 -0.00942792 0.0120626 0.0205394 0.0343365 0.0144739 0.0174236 0.00699885 -0.00293907 -0.0340863 0.00859755 -0.00262814 0.0214614
internal_weight=1650.02 1238.99 411.027 872.343 319.852 523.07 349.273 366.65 239.664 187.607 122.359 28.2393 210.827 203.789 196.332 61.7597 134.573 149.778 70.9965 110.317 216.872 66.2271 150.645 94.4217 60.1782 46.2258 20.0174 123.968 66.1993 57.769
internal_count=5634 3110 2524 2074 1655 1156 918 1036 576 471 360 107 837 799 782 295 487 492 261 305 544 144 400 240 162 129 67 455 277 178
is_linear=0
shrinkage=0.05


Tree=25
num_leaves=31
num_cat=0
split_feature=16 10 10 0 2 0 1 17 2 18 2 2 1 13 3 2 17 18 1 0 8 0 2 2 16 2 0 1 2 1
split_gain=147.56 31.7871 28.9598 21.6015 18.3127 19.9132 15.9156 13.5848 10.9645 10.5236 9.57483 8.52625 8.35718 7.89104 8.03295 11.2842 11.1127 7.12966 7.4394 6.96014 6.82873 6.31799 9.973 20.0688 12.2633 7.38964 6.07403 10.218 5.98415 10.3625
threshold=1.0000000180025095e-35 1.0000000180025095e-35 1.0000000180025095e-35 -1.0048695095627596 0.32012044088071595 1.5569209007974796 0.36872654399397814 1.0000000180025095e-35 -0.96484820368039614 1.5000000000000002 0.43464478595975037 -0.97781115113298711 1.2732646423070604 1.5000000000000002 1.0000000180025095e-35 2.1255624112120439 1.0000000180025095e-35 2.5000000000000004 -0.10926790061917345 0.86564412339868479 1.0000000180025095e-35 1.312940861715552 1.0392015013927896 1.365197658728075 1.5000000000000002 1.1353909657104899 0.86564412339868479 1.1072943490386049 -0.99094986736459634 -1.4586063848917161
decision_type=2 2 2 2 2 2 2 2 2 2 2 2 2 2 2 2 2 2 2 2 2 2 2 2 2 2 2 2 2 2
left_child=1 3 13 6 -4 10 8 -5 11 -9 -6 -1 21 -2 -15 16 -16 20 -19 -18 -11 25 -23 -24 -25 -12 27 28 -3 -30
right_child=2 26 4 7 5 -7 -8 9 -10 17 12 -13 -14 14 15 -17 19 18 -20 -21 -22 22 23 24 -26 -27 -28 -29 29 -31
leaf_value=0.025966130120550227 0.017530530467370745 0.028518753934231689 -0.035590474885007127 0.0063711306709848467 0.059278559002098719 -0.046740415526598418 0.051703351290518118 0.01487723788975886 0.020311190098092177 0.021396687101366441 -0.013511700100012687 0.052227073324243735 0.013353129496009919 -0.021782527905139439 -0.050015978616760229 0.059441046794938168 0.033905879828164696 -0.026531688742919415 0.026668163849888561 -0.018852610289262283 0.039958751989469715 -0.056925359064617535 0.11143856619656754 0.050727322678948375 -0.057010001425638217 -0.065015845028724803 -0.018717871252513864 0.039851005449487775 -0.0091644052524749355 0.013709230210068764
leaf_weight=53.22671927511692 81.303523615002632 37.831485003232956 111.98940078914165 99.665754765272141 6.7463125288486472 26.629416763782501 144.79108327627182 124.99869452416897 123.99878314137459 67.549695253372192 22.442086607217789 73.713383883237839 45.784211829304695 36.812082812190056 9.2741646543145162 9.1011961102485639 16.246185988187793 9.8018427193164843 19.938870206475258 10.161293782293795 185.92637713253498 4.8114214390516308 4.7254006937146178 4.5363422036170942 6.3226850181818008 10.097975283861159 15.76716089248657 32.008364871144295 69.493052765727043 172.23063841462135
leaf_count=119 299 88 1035 285 37 262 292 330 291 164 148 148 149 190 60 29 55 37 48 50 397 47 22 16 59 66 61 71 279 500
internal_value=0.0162795 0.0249088 -0.00982033 0.0297448 -0.0207163 -0.0081062 0.0385027 0.0229207 0.030886 0.0269613 0.00164863 0.0412157 -0.00228967 0.00650612 -0.00447893 0.00974486 -0.00293098 0.0322947 0.00913474 0.013605 0.0350121 -0.0158191 0.00599927 0.0254262 -0.0120029 -0.0294947 0.011559 0.0130913 0.0100273 0.0071333
internal_weight=1637.93 1230.94 406.984 903.611 244.085 132.096 395.73 507.881 250.939 408.215 105.466 126.94 98.7201 162.898 81.5949 44.7828 35.6816 283.217 29.7407 26.4075 253.476 52.9359 20.3958 15.5844 10.859 32.5401 327.331 311.564 279.555 241.724
internal_count=5634 3110 2524 2111 1841 806 850 1261 558 976 544 267 507 683 384 194 165 646 85 105 561 358 144 97 75 214 999 938 867 779
is_linear=0
shrinkage=0.05


Tree=26
num_leaves=31
num_cat=0
split_feature=16 17 16 0 2 1 15 18 7 0 11 0 2 1 0 1 0 13 1 1 0 14 1 2 2 12 6 1 0 1
split_gain=134.193 30.1237 26.7458 22.6643 14.326 14.1118 12.357 10.3239 10.1654 11.6087 9.89305 9.69336 10.4099 17.8295 16.542 13.3754 9.27698 8.15076 12.8367 7.53766 7.20362 10.2386 8.37936 9.1773 6.85602 10.3411 6.42646 6.30947 6.25971 8.52891
threshold=1.0000000180025095e-35 1.0000000180025095e-35 1.5000000000000002 -0.63889945093986822 0.96484032231940964 0.2674846651002204 1.5000000000000002 1.5000000000000002 1.0000000180025095e-35 -1.2488495486446869 1.0000000180025095e-35 1.5975842406444676 1.3321201716265907 1.3678677094700804 1.272277521868564 1.4649603310321269 1.1909508421745885 1.0000000180025095e-35 1.1604048428845111 1.0458853405292767 -0.760889470480832 1.0000000180025095e-35 0.049233729452201579 -0.91645686170695273 -0.9196536563753458 1.5000000000000002 1.0000000180025095e-35 -0.48602046633856733 -1.2081862087976989 -0.28021730268568262
decision_type=2 2 2 2 2 2 2 2 2 2 2 2 2 2 2 2 2 2 2 2 2 2 2 2 2 2 2 2 2 2
left_child=1 10 6 5 -4 8 -2 17 -3 -10 28 12 14 -14 19 -15 -17 -5 -19 -6 21 -11 23 -23 27 -26 -27 -12 29 -1
right_child=2 3 4 7 11 -7 -8 -9 9 20 24 -13 13 15 -16 16 -18 18 -20 -21 -22 22 -24 -25 25 26 -28 -29 -30 -31
leaf_value=0.015484012861317821 -0.013806868227274819 0.046369743106335876 -0.041411607676516166 0.014434258064842206 -0.05729726164752777 0.043354982491008116 0.0092889526012736087 0.025436313665938199 0.036318623365538795 0.015749992447164424 0.0066452360280944457 -0.039375670562429681 -0.041872792807826464 0.083185619333112526 0.11210407004584494 0.050174118637955137 -0.030342694287227613 -0.047329310576661419 0.020579866144739594 0.043593646059026908 0.044012459028750985 -0.0096158478324184209 0.034544682229474197 -0.079269063651571117 -0.022002201481289799 0.00032939741381919657 0.058560167751618278 0.049148734632572119 0.013047012379208281 0.052016102657120339
leaf_weight=36.122274994850159 92.017990864813328 51.367835715413094 75.14957245439291 94.147152557969093 3.676370292901991 274.43526142835617 156.26506778597832 225.29464969038963 75.497599810361862 70.032839119434357 68.644862174987793 21.808974593877792 23.270363979041576 6.1881673336029079 4.8763508051633835 5.3824233412742641 10.667947612702845 15.218145787715914 12.821935832500456 3.7291306704282761 14.241508856415747 12.439262852072719 5.3084101974964133 7.6295718848705301 49.295030504465103 14.291135534644129 7.0881621688604346 10.00385072827339 150.25207476317883 28.64693982899189
leaf_count=86 644 105 783 253 34 580 529 558 166 175 211 209 188 17 31 15 58 73 34 16 35 47 13 35 201 43 17 20 400 58
internal_value=0.0155814 0.0238284 -0.00943953 0.0289411 -0.0257545 0.0356409 0.000729242 0.0190894 0.0266902 0.0212303 0.0117822 -0.0109728 -0.000254112 -0.0112783 0.0405948 0.0207357 -0.00334172 0.00738664 -0.0162764 -0.00649241 0.0108416 0.00589027 -0.0213193 -0.0360959 0.00189542 -0.00940664 0.0196354 0.0120515 0.0186482 0.0316419
internal_weight=1625.81 1222.78 403.032 858.434 154.749 510.952 248.283 347.482 236.517 185.149 364.344 79.5997 57.7908 45.5089 12.2819 22.2385 16.0504 122.187 28.0401 7.4055 109.652 95.4101 25.3772 20.0688 149.323 70.6743 21.3793 78.6487 215.021 64.7692
internal_count=5634 3110 2524 2074 1351 1156 1173 918 576 471 1036 568 359 278 81 90 73 360 107 50 305 270 95 82 492 261 60 231 544 144
is_linear=0
shrinkage=0.05


Tree=27
num_leaves=31
num_cat=0
split_feature=16 13 10 0 2 0 1 1 0 4 2 3 0 1 2 1 2 2 2 1 13 3 2 17 0 1 6 1 2 18
split_gain=122.038 27.8735 25.7949 19.4128 16.6475 18.0714 13.6725 11.687 10.2278 10.6498 9.85371 9.72203 9.57636 10.9281 8.97242 10.0571 8.71076 8.54076 7.22728 7.21894 7.04879 7.15207 9.7047 10.1861 6.68212 10.9825 9.92506 6.56299 6.50296 6.28974
threshold=1.0000000180025095e-35 1.0000000180025095e-35 1.0000000180025095e-35 -0.88287949002179567 0.32012044088071595 1.5569209007974796 0.36872654399397814 1.025968905337062 1.1096241624806125 1.0000000180025095e-35 -0.95745492941294386 1.0000000180025095e-35 0.45901072492880557 -0.52253393085762745 -0.98906035299015083 -1.4884810376800381 -0.99094986736459634 0.43464478595975037 -0.97781115113298711 1.2732646423070604 1.5000000000000002 1.0000000180025095e-35 2.1255624112120439 1.0000000180025095e-35 -0.63889945093986822 1.1438078135576657 1.0000000180025095e-35 -1.5017586611415144 0.21147336435010175 2.5000000000000004
decision_type=2 2 2 2 2 2 2 2 2 2 2 2 2 2 2 2 2 2 2 2 2 2 2 2 2 2 2 2 2 2
left_child=1 3 20 6 -4 17 10 8 9 29 -1 12 13 14 -3 27 -13 -6 -18 -19 -2 -22 23 -23 26 -26 -20 -16 -25 -5
right_child=2 11 4 7 5 -7 -8 -9 -10 -11 -12 16 -14 -15 15 -17 18 19 24 -21 21 22 -24 28 25 -27 -28 -29 -30 -31
leaf_value=0.03747789457957474 0.016650850318683821 0.03171443825922881 -0.034197801032887817 0.013892156130009343 0.055218569807363206 -0.045672700190462795 0.045784694375535756 0.034520071889460859 -0.035085831315687883 0.030189921420514201 0.018776096060548569 0.029367783144036305 -0.020042787817471278 0.03490747063611363 -0.019033655123985575 -0.024987740186551761 -0.042846942205424003 -0.01500599643328279 0.016805762234912681 0.012195217157846088 -0.020695572002405564 -0.048858910439243342 0.054707042507401139 0.047829122664474227 -0.033068758254681196 0.018866363396615193 -0.03508707120583076 0.048937137495990032 -0.0047081343691418101 -0.012227311151822602
leaf_weight=136.43513002991676 81.572130881249905 24.242063149809837 106.95593228191137 206.1953039765358 6.925628922879695 25.100194722414017 169.71014475822449 105.04118517041206 9.7193187326192838 104.56564429402351 145.59208618104458 22.643123283982277 14.674519836902617 79.084494292736053 5.4322530925273886 26.842826649546627 11.091744914650915 51.956856764853001 60.631375029683113 45.974242642521858 36.206423155963421 8.943519860506056 9.2832792028784734 8.8502243533730525 30.227667421102524 15.347857668995855 10.865453839302061 10.256941556930537 17.609578616917133 25.949195072054863
leaf_count=296 299 55 1035 541 37 262 363 229 40 241 351 52 55 194 24 117 40 358 174 149 190 60 29 27 136 39 45 33 78 85
internal_value=0.0149116 0.0227959 -0.00906513 0.027243 -0.0195879 -0.00756381 0.0345711 0.0199106 0.0154809 0.0169405 0.0278234 0.00989454 0.0184582 0.0223317 0.00743749 -0.00639969 0.000778592 0.00155855 -0.00427234 -0.00223625 0.00627958 -0.00417876 0.00920366 -0.002728 -0.000617683 -0.0155793 0.00891955 0.0254028 0.0128644 0.0109725
internal_weight=1613.93 1214.55 399.378 903.208 236.913 129.957 451.737 451.471 346.429 336.71 282.027 311.34 160.533 145.859 66.7741 42.532 150.807 104.857 128.164 97.9311 162.465 80.893 44.6866 35.4033 117.072 45.5755 71.4968 15.6892 26.4598 232.144
internal_count=5634 3110 2524 2146 1841 806 1010 1136 907 867 647 964 478 423 229 174 486 544 434 507 683 384 194 165 394 175 219 57 105 626
is_linear=0
shrinkage=0.05


Tree=28
num_leaves=31
num_cat=0
split_feature=16 17 16 0 2 8 1 6 1 13 1 11 0 4 9 2 11 1 2 2 0 2 2 0 17 15 2 11 18 2
split_gain=110.995 27.1347 23.9947 21.0423 13.4254 11.7376 11.8839 10.5706 10.5592 9.96358 9.57094 9.52957 9.80181 11.9465 14.3939 8.88614 8.48934 8.44202 7.79319 7.60207 7.483 8.31312 7.43291 7.42216 7.39338 6.67063 6.29183 8.83457 6.47593 6.32736
threshold=1.0000000180025095e-35 1.0000000180025095e-35 1.5000000000000002 1.0000000180025095e-35 0.96484032231940964 1.0000000180025095e-35 0.11811140115861045 1.0000000180025095e-35 -1.4586063848917161 1.5000000000000002 -0.29847403494521257 1.5000000000000002 1.0689608226336247 1.0000000180025095e-35 1.0000000180025095e-35 2.215698838202306 1.0000000180025095e-35 -0.21963814564269629 -0.9634200823508734 2.4081436801298381 1.5569209007974796 2.2485016865865739 -0.10161477327603587 -0.63889945093986822 1.0000000180025095e-35 1.5000000000000002 -0.99094986736459634 1.0000000180025095e-35 2.5000000000000004 -0.95474149888685067
decision_type=2 2 2 2 2 2 2 2 2 2 2 2 2 2 2 2 2 2 2 2 2 2 2 2 2 2 2 2 2 2
left_child=1 16 8 5 -4 6 10 23 -2 22 26 24 -13 15 -15 -14 -1 -9 -8 -17 21 -10 -5 25 -6 -7 -3 -28 -29 -30
right_child=2 3 4 9 11 7 18 17 20 -11 -12 12 13 14 -16 19 -18 -19 -20 -21 -22 -23 -24 -25 -26 -27 27 28 29 -31
leaf_value=0.016750202025055224 -0.031643304344802288 0.048817811898142376 -0.040227860422381009 -0.026216579152901539 -0.0219642602114044 0.038479179594686885 0.051173180340864516 -0.028232802646377564 0.0039381603281950983 -0.013524360085622737 -0.025169274969206425 0.032123418519849019 -0.058731016654982995 0.10355435718995694 -0.022851731028549989 0.017846131055158528 0.0011774051779245326 0.026124695965726315 0.026806306205617216 -0.055424962568163538 -0.046946154030174977 0.057257077638359313 0.020048997550773072 0.029218398655197153 0.041826086494026658 0.05723997856048163 0.024112082222130581 -0.033119758188032797 -0.019046117092294666 0.038241044603984593
leaf_weight=212.93829128146172 22.67205336689949 13.617555394768713 71.205191679298878 9.2902327775955182 6.9765656441450128 111.08477672934532 40.00349548459053 9.300570145249365 209.40940600633621 32.905599266290665 15.336275249719618 7.686459206044673 25.286581061780453 3.4233408048748952 6.5822489038109779 9.2650525942444784 148.57816104590893 30.787107169628143 182.573899269104 5.7289775237441054 6.9392694011330596 7.5748427361249915 132.43863724172115 91.761236026883125 13.017904967069626 82.621677875518799 58.986835241317749 14.55045974254608 9.1772283464670164 10.151961773633959
leaf_count=544 228 27 783 34 52 246 87 33 888 113 51 28 239 23 45 37 492 74 424 70 40 17 336 216 74 164 143 62 31 33
internal_value=0.0142736 0.021813 -0.00870272 0.0267196 -0.0245318 0.030749 0.0243144 0.037556 0.000872726 0.0112617 0.0117599 -0.0101971 -0.0204629 -0.0285009 0.0203972 -0.0406471 0.01035 0.0135134 0.0311857 -0.0101496 0.00416495 0.0057995 0.0170163 0.0409322 0.0195681 0.0464812 0.0170786 0.0124245 -0.00792442 0.0110419
internal_weight=1601.87 1206.1 395.768 844.588 149.172 669.953 344.398 325.555 246.596 174.634 121.82 77.9671 57.9727 50.2862 10.0056 40.2806 361.516 40.0877 222.577 14.994 223.924 216.984 141.729 285.468 19.9945 193.706 106.484 92.8665 33.8796 19.3292
internal_count=5634 3110 2524 2074 1351 1591 858 733 1173 483 347 568 442 414 68 346 1036 107 511 107 945 905 370 626 126 410 296 269 126 64
is_linear=0
shrinkage=0.05


Tree=29
num_leaves=31
num_cat=0
split_feature=16 10 10 0 1 2 0 1 2 2 2 2 1 3 1 12 0 1 18 0 2 8 0 0 17 2 13 1 18 0
split_gain=100.92 25.3712 22.8365 19.0215 15.1085 15.0516 16.5103 11.3841 7.61717 7.1569 8.25045 6.60525 9.12898 6.99692 6.67635 10.805 8.07725 6.55463 6.51618 8.89461 12.019 10.3608 10.5862 11.1797 7.59628 7.58514 6.18392 6.16737 6.07918 5.91837
threshold=1.0000000180025095e-35 1.0000000180025095e-35 1.0000000180025095e-35 -1.0861961892567351 0.29901902082122706 0.32012044088071595 1.5569209007974796 0.36872654399397814 0.43464478595975037 -0.96484820368039614 -0.97781115113298711 0.35512039900271147 1.025968905337062 1.0000000180025095e-35 0.77867316836706346 1.5000000000000002 0.58100074446976946 0.64589693375229917 1.5000000000000002 -0.35425607201095283 1.1353909657104899 1.0000000180025095e-35 0.58100074446976946 0.21503068584687804 1.0000000180025095e-35 1.3918705709440842 1.5000000000000002 1.2732646423070604 2.5000000000000004 0.98763414293964857
decision_type=2 2 2 2 2 2 2 2 2 2 2 2 2 2 2 2 2 2 2 2 2 2 2 2 2 2 2 2 2 2
left_child=1 3 18 7 -5 29 8 9 -7 10 -1 -6 14 -14 17 16 -16 -13 19 -2 21 22 23 -21 -22 -26 -11 28 -10 -4
right_child=2 -3 5 4 11 6 -8 -9 27 26 -12 12 13 -15 15 -17 -18 -19 -20 20 24 -23 -24 -25 25 -27 -28 -29 -30 -31
leaf_value=0.021203496209246664 0.03977758998818081 0.0089354999260798026 -0.026328906151841802 0.0061988082117327486 0.029140636245052622 0.051516656257984086 -0.044679160944297178 0.047838677966290814 -0.0076447375878128544 0.022854699627427814 0.047670074938055813 -0.0073118478072526768 0.0085131183867811142 0.041009074494227776 -0.026503049684496779 -0.06070918368272582 0.043902671462396445 0.040253588353229744 0.016653017651440966 -0.034441945627940909 -0.035252808221419352 -0.058206601972006347 -0.061573330657614112 0.071668624016287055 0.056646787059748842 0.0039857389999500897 -0.01525734630087654 0.011112811445298746 -0.060131174710088914 -0.055204233194486363
leaf_weight=51.511259213089943 10.459947966039179 325.05903051793575 79.305303551256657 152.32660564780235 269.12228794395924 7.0962460339069358 23.755714945495129 110.83995136618614 44.821977436542511 85.768024176359177 68.73993718624115 14.480260744690897 28.514707073569298 39.527106910943985 8.7691802978515643 9.5521072000265139 7.6079126447439185 14.490868419408796 76.290242910385132 4.2657018750905973 8.1603956222534162 17.647382348775864 4.98821748048067 5.9372969567775726 9.4169305413961393 24.967871941626072 12.15128009021282 46.123905345797539 6.2911841943860045 22.860915929079056
leaf_count=119 31 999 763 448 612 37 262 242 303 197 148 43 73 83 26 35 18 32 270 24 48 111 37 23 32 107 35 149 55 272
internal_value=0.0136545 0.0208604 -0.00835435 0.0252985 0.0195622 -0.0184762 -0.0070591 0.0347901 0.00150664 0.0281608 0.0363328 0.0247542 0.0151522 0.0273908 -1.58646e-05 -0.0184465 0.00620364 0.0164796 0.00602018 -0.00342934 -0.00942456 -0.0321493 -0.00187887 0.0273056 0.00811554 0.018408 0.0181252 -0.00214303 -0.0141049 -0.0327901
internal_weight=1590.85 1198.46 392.389 873.401 544.391 230.255 128.089 329.01 104.333 218.171 120.251 392.064 122.942 68.0418 54.9003 25.9292 16.3771 28.9711 162.134 85.8437 75.3838 32.8386 15.1912 10.203 42.5452 34.3848 97.9193 97.2371 51.1132 102.166
internal_count=5634 3110 2524 2111 1370 1841 806 741 544 499 267 922 310 156 154 79 44 75 683 413 382 195 84 47 187 139 232 507 358 1035
is_linear=0
shrinkage=0.05


Tree=30
num_leaves=31
num_cat=0
split_feature=16 17 16 0 18 2 8 3 10 1 0 11 0 4 9 2 1 1 0 18 1 2 2 1 0 1 1 2 2 10
split_gain=91.7554 24.7163 21.2522 19.4031 13.2886 12.4841 11.6874 11.4295 10.124 9.51198 8.86099 8.70784 8.60598 11.266 12.3189 8.67634 8.29474 8.30772 7.53931 13.8586 8.00422 7.40717 7.05899 7.0075 6.92409 6.73383 6.47122 8.46601 7.24984 8.14388
threshold=1.0000000180025095e-35 1.0000000180025095e-35 1.5000000000000002 -1.0048695095627596 1.5000000000000002 0.96484032231940964 1.0000000180025095e-35 1.0000000180025095e-35 1.0000000180025095e-35 -1.4934601464780917 0.74365410385772102 1.5000000000000002 1.0689608226336247 1.0000000180025095e-35 1.0000000180025095e-35 2.215698838202306 0.071639719043442976 -0.30677254960863537 -0.92354282986878367 2.5000000000000004 -0.48602046633856733 -0.92305917646882329 2.4081436801298381 0.88987326485692841 0.052377326458926309 1.2301123660572622 0.55793267832001747 0.43464478595975037 0.30159880579167492 1.0000000180025095e-35
decision_type=2 2 2 2 2 2 2 2 2 2 2 2 2 2 2 2 2 2 2 2 2 2 2 2 2 2 2 2 2 2
left_child=1 18 9 6 7 -4 16 10 23 -2 -5 -7 -13 15 -15 -14 17 -3 20 25 -1 -22 -17 24 -9 -20 27 28 29 -11
right_child=2 3 5 4 -6 11 -8 8 -10 26 -12 12 13 14 -16 22 -18 -19 19 -21 21 -23 -24 -25 -26 -27 -28 -29 -30 -31
leaf_value=0.0063622312826308374 -0.055581559551926396 0.019813995180998249 -0.03898853376451647 0.025492995900781464 0.024329998110250717 0.018812883448465316 0.046935218051404971 0.0023590829695309258 -0.038600139468675361 0.012500605688376014 -0.021108074037681293 0.029193822520499235 -0.058263990065212282 0.093336989739702503 -0.021787529142355152 0.016936508624957162 0.035303399602412473 -0.034838465565472009 0.0038616982291797895 -0.032487300051052208 0.041521381519702194 0.013301044244186598 -0.055091769909625138 0.026849565911030517 -0.04736186637045927 0.045795562072154086 0.010462065103049492 -0.033808050443526354 0.041520860047086605 -0.019311833447650414
leaf_weight=117.67232798039913 7.2265557795763007 71.921029791235924 67.310086168348789 78.35565260052681 343.37784434854984 20.079008892178535 117.23881384730339 30.881953835487366 18.838998943567276 38.33872102946043 11.727453127503393 7.8089922815561286 23.867217630147934 3.6331535726785642 6.4470500499010086 9.3035412803292257 121.21198298037052 7.6977130472660056 111.17583867907524 26.407392561435699 42.081500068306923 51.967277377843857 5.361988089978694 20.845670029520988 9.0551452934741956 10.475608065724371 125.31333000957966 22.08835543692112 9.7181355431675893 42.329323895275593
leaf_count=334 80 178 783 197 852 126 254 87 73 147 45 28 239 23 45 37 280 25 341 114 92 133 70 50 33 22 418 131 37 360
internal_value=0.0130636 0.019949 -0.00802539 0.0246881 0.0186731 -0.0232833 0.0343909 0.00722708 -0.00657491 0.000930208 0.0194262 -0.00946486 -0.0195281 -0.0273546 0.0197062 -0.0396658 0.0270679 0.0145301 0.00900083 0.000345532 0.0150536 0.025928 -0.00939836 0.00335098 -0.00891441 0.00747269 0.00264764 -0.00605878 0.000722519 -0.00419249
internal_weight=1579.76 1190.93 388.825 831.152 513.083 143.811 318.07 169.705 79.6218 245.014 90.0831 76.501 56.4219 48.613 10.0802 38.5327 200.831 79.6187 359.78 148.059 211.721 94.0488 14.6655 60.7828 39.9371 121.651 237.788 112.475 90.3862 80.668
internal_count=5634 3110 2524 2074 1337 1351 737 485 243 1173 242 568 442 414 68 346 483 203 1036 477 559 225 107 170 120 363 1093 675 544 507
is_linear=0
shrinkage=0.05


Tree=31
num_leaves=31
num_cat=0
split_feature=16 17 1 0 16 18 3 1 8 13 0 1 1 11 11 9 1 10 1 2 0 2 2 1 1 0 2 12 2 1
split_gain=83.4296 22.6913 19.7986 18.4014 14.0212 11.8981 9.98072 9.99565 9.37194 8.91482 8.00606 7.30119 7.50237 7.27539 7.10851 7.07298 9.11454 6.95979 6.81242 8.59896 6.71001 7.21957 6.30627 6.04653 7.82267 6.04413 5.92095 8.77527 5.8095 8.1706
threshold=1.0000000180025095e-35 1.0000000180025095e-35 -1.4586063848917161 -1.0455328494097473 1.5000000000000002 1.5000000000000002 1.0000000180025095e-35 0.88987326485692841 1.0000000180025095e-35 1.5000000000000002 0.74365410385772102 0.071639719043442976 -0.30677254960863537 1.0000000180025095e-35 1.5000000000000002 1.0000000180025095e-35 0.028487442793644405 1.0000000180025095e-35 0.90647029418377401 2.4081436801298381 1.5569209007974796 2.2485016865865739 0.4619548599997006 0.52639832259901087 0.48158634341652801 0.052377326458926309 -0.9196536563753458 1.5000000000000002 -0.61977014827294929 0.32225486187881086
decision_type=2 2 2 2 2 2 2 2 2 2 2 2 2 2 2 2 2 2 2 2 2 2 2 2 2 2 2 2 2 2
left_child=1 13 -2 8 20 6 10 17 11 14 -5 12 -3 -1 -9 16 -7 25 23 -20 21 -4 -17 24 -6 28 -15 -28 -8 -30
right_child=2 3 4 5 18 15 7 9 -10 -11 -12 -13 -14 26 -16 22 -18 -19 19 -21 -22 -23 -24 -25 -26 -27 27 -29 29 -31
leaf_value=0.014558051084994268 -0.039279598219415339 0.020325700812761825 0.0035071652374069721 0.02412362757561589 -0.025598481287946187 0.016134168978262739 -0.032026127345941631 0.060590891442214662 0.045599828259658581 -0.028664933888161177 -0.020174928217736865 0.035306804361944645 -0.03225292160326302 0.009552688794898137 0.0042176131237007964 0.031456314885151715 -0.037185635021930084 -0.054001058152868799 0.0038923043199553401 -0.055007939193588068 -0.045587339973080405 0.052983037785548998 0.014816712198222826 -0.055595485460155851 0.048312614767248886 -0.045249243649225918 -0.02212881368059573 0.016370653953273112 0.049381035708557786 -0.012076966515313932
leaf_weight=210.36654560267925 43.988847732543945 69.631699830293655 208.94954253733158 81.518367499113083 46.179429955780506 63.521190539002419 9.2211661040782911 11.615053698420528 105.96701891720295 7.783791944384574 11.658189989626406 108.92165297269821 7.5169455111026755 78.230114981532097 10.784039542078972 206.87220825254917 9.1722095161676389 11.042615577578543 45.350899957120419 7.1772520393133155 6.6904887408018103 7.64304295182228 78.566558986902237 15.512856155633925 3.8807876855134955 9.0052884221076948 48.829813629388809 21.23877839744091 9.7480389773845726 12.146775066852568
leaf_count=544 527 171 888 205 522 179 31 22 234 26 45 255 24 231 29 481 36 50 227 95 40 17 196 178 30 33 201 60 23 34
internal_value=0.0124977 0.0190779 -0.007708 0.0236439 -0.00363986 0.0181136 0.00740876 -0.00538822 0.0337307 0.0174313 0.018581 0.0269712 0.0152027 0.00857898 0.03345 0.0233303 0.00940645 -0.01885 -0.0175728 -0.00415561 0.00372966 0.00525305 0.0268763 -0.0283207 -0.0198687 -0.0091754 9.74708e-05 -0.0104591 0.00126475 0.0152854
internal_weight=1568.73 1183.36 385.373 824.693 341.384 532.655 174.523 81.3468 292.037 30.1829 93.1766 186.07 77.1486 358.665 22.3991 358.132 72.6934 51.1639 118.101 52.5282 223.283 216.593 285.439 65.5731 50.0602 40.1213 148.299 70.0686 31.116 21.8948
internal_count=5634 3110 2524 2074 1997 1390 498 248 684 77 250 450 195 1036 51 892 215 171 1052 322 945 905 677 730 552 121 492 261 88 57
is_linear=0
shrinkage=0.05


Tree=32
num_leaves=31
num_cat=0
split_feature=16 13 10 2 1 18 0 1 2 18 17 2 18 3 1 2 0 1 2 1 2 15 2 13 3 2 17 1 1 1
split_gain=75.862 21.0902 18.6957 15.8914 16.2888 13.8927 15.2433 11.0543 9.83898 9.14526 9.6211 9.0803 8.78166 8.6305 8.40176 7.93942 7.90832 8.74552 7.66039 9.2362 7.31635 6.96401 6.45172 5.98944 6.35048 8.50775 8.84449 5.79906 8.62316 5.71087
threshold=1.0000000180025095e-35 1.0000000180025095e-35 1.0000000180025095e-35 -0.95474149888685067 0.29901902082122706 2.5000000000000004 1.5569209007974796 -0.29847403494521257 0.32012044088071595 1.5000000000000002 1.0000000180025095e-35 -0.49505121401086022 1.5000000000000002 1.0000000180025095e-35 0.86497772086666014 -0.99094986736459634 0.45901072492880557 -0.52253393085762745 -0.98906035299015083 -1.4884810376800381 0.43464478595975037 1.5000000000000002 -0.97781115113298711 1.5000000000000002 1.0000000180025095e-35 2.1255624112120439 1.0000000180025095e-35 1.3678677094700804 -0.33664720239695745 -1.5017586611415144
decision_type=2 2 2 2 2 2 2 2 2 2 2 2 2 2 2 2 2 2 2 2 2 2 2 2 2 2 2 2 2 2
left_child=1 3 23 7 12 6 8 21 9 -4 -11 14 -5 16 -6 -15 17 18 -3 29 -10 -1 -17 -2 27 26 -26 28 -25 -20
right_child=2 13 5 4 11 -7 -8 -9 20 10 -12 -13 -14 15 -16 22 -18 -19 19 -21 -22 -23 -24 24 25 -27 -28 -29 -30 -31
leaf_value=0.018495830083407241 0.015030727269710329 0.027956834473025313 -0.031119595097977067 -0.0063120943384219162 0.026722151746480783 -0.040928895830801656 -0.045197360320122199 0.049886623647220907 0.055827641184383298 -0.029660981628657108 0.068558375377462122 0.018666097182570549 0.014694839634582261 0.025742165588221663 0.051255580329065797 -0.042993210102664492 -0.019992518201548012 0.03009282857808885 -0.018898653431571395 -0.02525653184453984 0.0018312761799599909 0.059787009596089236 -0.0030014244659514007 0.030163514170486013 -0.04759131087216141 0.050808678265368973 0.011247260060851824 0.010680516703927648 -0.047070612138953097 0.044300090607012954
leaf_weight=76.28207790851593 81.887599736452103 24.074564099311829 43.332704722881317 72.912748590111732 139.61448846757412 47.112450338900089 26.534985706210136 77.819191411137581 6.7605934068560591 4.746734254062174 5.2518983632326126 286.06789581477642 156.60350939631462 22.499114274978638 46.527180165052414 11.048614367842672 14.565869159996508 77.487847939133644 5.4143896102905265 26.764492101967338 87.060814768075943 11.789592519402502 115.62587358802557 4.3962685614824322 8.4136013984680158 9.334904305636881 26.513996541500092 10.739607729017733 20.310312695801258 10.51970157027244
leaf_count=180 299 55 473 219 335 496 325 182 33 42 30 698 409 52 101 40 55 194 24 117 442 22 394 24 60 29 105 41 125 33
internal_value=0.0119556 0.0182481 -0.00738952 0.0222383 0.0189481 -0.0168475 -0.0103155 0.0361557 -0.00402552 -0.0211738 0.0219299 0.024259 0.00802135 0.00700813 0.0328544 -0.00162818 0.0151195 0.0186648 0.00540291 -0.00731357 0.00572215 0.0240232 -0.00648953 0.00553362 -0.0042231 0.00840643 -0.00292618 -0.0199939 -0.0333276 0.0228252
internal_weight=1558.01 1175.62 382.396 867.617 701.726 220.8 173.688 165.891 147.153 53.3313 9.99863 472.21 229.516 308 186.142 149.174 158.827 144.261 66.7731 42.6986 93.8214 88.0717 126.674 161.596 79.7087 44.2625 34.9276 35.4462 24.7066 15.9341
internal_count=5634 3110 2524 2146 1762 1841 1345 384 1020 545 72 1134 628 964 436 486 478 423 229 174 475 202 434 683 384 194 165 190 149 57
is_linear=0
shrinkage=0.05


Tree=33
num_leaves=31
num_cat=0
split_feature=16 17 1 0 8 16 1 2 14 1 1 1 0 6 2 8 2 1 0 18 1 2 13 15 17 1 0 2 2 15
split_gain=69.0096 20.4051 17.7029 16.6478 12.5436 12.1204 10.894 9.62148 8.28088 8.87364 10.7838 7.70574 7.33501 7.19008 6.61402 9.55582 13.914 6.45356 6.34149 12.2562 6.95467 6.90614 6.18818 10.6365 8.19714 6.1301 6.11431 6.33675 5.97132 5.83436
threshold=1.0000000180025095e-35 1.0000000180025095e-35 -1.4586063848917161 -0.67956279078685611 1.0000000180025095e-35 1.5000000000000002 0.11811140115861045 -0.7862231820031681 1.5000000000000002 0.6890492100020974 0.37868476159008563 1.4491931531716233 -0.11027603292902537 1.0000000180025095e-35 -0.31465751899476174 1.5000000000000002 0.50427119354832806 -0.29847403494521257 -0.92354282986878367 2.5000000000000004 -0.48602046633856733 -0.92305917646882329 1.0000000180025095e-35 1.5000000000000002 1.0000000180025095e-35 1.2301123660572622 1.5569209007974796 2.2485016865865739 -0.85483891911239118 1.5000000000000002
decision_type=2 2 2 2 2 2 2 2 2 2 2 2 2 2 2 2 2 2 2 2 2 2 2 2 2 2 2 2 2 2
left_child=1 18 -2 4 6 26 7 17 9 10 -5 14 -11 29 -10 16 -16 -3 20 25 -1 -22 23 -7 -25 -20 27 -4 -23 -6
right_child=2 3 5 8 13 22 -8 -9 11 12 -12 -13 -14 -15 15 -17 -18 -19 19 -21 21 28 -24 24 -26 -27 -28 -29 -30 -31
leaf_value=0.0050083622465815266 -0.037947792650111667 0.016976867415159965 0.003281239537526983 -0.00058518546691902699 0.033447219304369682 -0.056462040702112817 0.029185292719022572 -0.040350423598228664 0.050558651897173984 0.0099734425503407009 0.029728657042211032 -0.022330789317644605 -0.039064607327559425 0.0094029158615723946 0.014150470857895234 0.026406801273648445 -0.054676082956501088 -0.032411073037665189 0.0027839432077715275 -0.0315680018602401 0.038781692709450387 -0.009230883642380467 -0.022766335533369701 -0.033066834975327059 0.039946311301170163 0.042951898470131228 -0.04440708890347158 0.049553416135473559 0.025437946075320295 0.052173940848322491
leaf_weight=117.22740150988102 41.405556306242943 85.698779508471489 208.86047475039959 76.181921787559986 100.02682964503765 5.5439590513706234 161.71994207799435 9.2340869903564435 19.142061620950699 13.053974986076357 47.712192416191101 10.007329314947127 18.337805733084679 19.791406780481339 33.938185587525368 128.84490635991096 9.3706196993589383 7.1677347868680945 110.89091828465462 26.063156820833683 40.616130024194717 21.092340558767319 88.976046647876501 5.1323344781994829 15.315682791173458 10.3881349414587 6.4698666557669631 7.6706231683492652 30.208952993154526 71.195754751563072
leaf_count=334 527 224 888 249 236 59 390 34 41 33 111 31 66 54 89 303 35 23 341 114 92 59 872 42 79 22 40 17 74 155
internal_value=0.0114373 0.0174556 -0.00708987 0.0218362 0.0281775 -0.00330938 0.0211122 0.00832496 0.0137477 0.0050724 0.0110888 0.0204398 -0.0186726 0.0379359 0.0226773 0.0195771 -0.000741361 0.0131649 0.00748463 -0.000460545 0.013082 0.0233788 -0.0164966 0.00496583 0.0216204 0.00622452 0.00348931 0.00492043 0.011184 0.0412339
internal_weight=1547.29 1167.91 379.375 811.424 454.835 337.969 263.821 102.101 356.589 155.286 123.894 201.303 31.3918 191.014 191.296 172.154 43.3088 92.8665 356.487 147.342 209.145 91.9174 114.968 25.992 20.448 121.279 223.001 216.531 51.3013 171.223
internal_count=5634 3110 2524 2074 1116 1997 671 281 958 459 360 499 99 445 468 427 124 247 1036 477 559 225 1052 180 121 363 945 905 133 391
is_linear=0
shrinkage=0.05


Tree=34
num_leaves=31
num_cat=0
split_feature=13 16 18 18 0 2 14 0 4 0 0 1 9 1 1 1 0 14 1 10 12 5 12 0 0 0 9 3 1 16
split_gain=63.3528 31.4703 21.9591 14.962 9.49518 9.10377 8.49207 8.48739 10.4449 8.35996 8.14937 12.9265 7.95224 9.5541 7.72795 10.8821 7.33261 7.28795 7.15559 7.54545 7.55455 6.9278 11.459 17.2753 8.27954 7.71832 6.2481 9.4085 8.51943 6.0283
threshold=1.0000000180025095e-35 1.5000000000000002 1.5000000000000002 2.5000000000000004 1.1096241624806125 -0.61977014827294929 1.5000000000000002 -1.2081862087976989 1.0000000180025095e-35 1.272277521868564 -0.39491941185794077 0.29901902082122706 1.0000000180025095e-35 0.1861592213986771 1.3761662241335031 1.4649603310321269 1.4349308812565158 1.5000000000000002 0.66083426014645996 1.5000000000000002 1.5000000000000002 1.0000000180025095e-35 1.5000000000000002 0.70299076401073313 0.25569402569386596 1.4349308812565158 1.0000000180025095e-35 1.0000000180025095e-35 0.83842247394370728 1.0000000180025095e-35
decision_type=2 2 2 2 2 2 2 2 2 2 2 2 2 2 2 2 2 2 2 2 2 2 2 2 2 2 2 2 2 2
left_child=2 10 4 5 12 -4 26 -5 18 -6 17 -12 13 -1 -3 -16 -11 29 19 20 -9 -13 -23 24 -24 -25 27 -7 -28 -2
right_child=1 14 3 7 9 6 -8 8 -10 16 11 21 -14 -15 15 -17 -18 -19 -20 -21 -22 22 23 25 -26 -27 28 -29 -30 -31
leaf_value=0.0023559839351934304 0.0073732434005473095 -0.034100067795902814 0.033495714105818801 0.024384749910997185 -0.067709677652685651 -0.063070193791004522 0.027354812523681184 -0.016316597495586071 0.04066799126381393 0.01792989765362504 -0.022663484727608235 0.018118510033115046 0.01672798426499908 -0.066689910891749013 0.052820747191240663 -0.022310275606846931 -0.030866781550882041 0.02581159134662844 0.023348338609315761 -0.043106281859506101 0.032157279525844261 -0.036615923213606863 0.0032963515582246049 -0.040108400686440442 0.062004881981800257 0.023289589412662431 0.021277910644343645 0.012466358774503831 -0.022694296250002438 -0.024911688464004156
leaf_weight=81.172569431364536 179.58447282016277 83.783732004463673 273.54830849170685 54.297192066907883 6.5788994506001464 6.9486894011497506 177.65263755246997 32.163030311465263 12.98402491211891 15.949687570333483 64.900393947958946 54.995161339640617 169.32053905725479 5.3397714570164672 6.577375270426276 18.034634426236153 14.882142152637241 52.161456301808357 14.734210036695002 17.571124114096165 10.715615160763262 20.876600421965122 10.423507973551752 17.318253561854366 14.168493211269377 6.6420100256800643 74.727822422981262 10.135075382888317 12.919653311371802 15.724946282804011
leaf_count=273 553 1019 656 132 41 31 453 100 29 64 454 167 446 31 23 129 96 134 38 87 30 82 32 70 33 23 182 35 42 149
internal_value=0.0109415 -0.00274969 0.0184688 0.0232901 0.00698628 0.0269948 0.0206973 0.00883335 -0.00074379 -0.0165419 0.0032346 -0.00457362 0.0104268 -0.00190571 -0.0268642 -0.00223207 -0.00562365 0.00920818 -0.00789547 -0.0155109 -0.0042027 0.00486218 -0.00563827 0.00768157 0.0371208 -0.0225339 0.00940447 -0.0182576 0.0147962 0.00477389
internal_weight=1536.83 545.191 991.641 698.397 293.244 555.932 282.384 142.465 88.168 37.4107 436.795 189.324 255.833 86.5123 108.396 24.612 30.8318 247.471 75.184 60.4498 42.8786 124.424 69.4289 48.5523 24.592 23.9603 104.731 17.0838 87.6475 195.309
internal_count=5634 2868 2766 1815 951 1399 743 416 284 201 1697 861 750 304 1171 152 160 836 255 217 130 407 240 158 65 93 290 66 224 702
is_linear=0
shrinkage=0.05


Tree=35
num_leaves=31
num_cat=0
split_feature=13 16 0 17 1 5 18 2 1 14 2 0 1 1 1 14 0 3 0 5 12 0 0 0 1 2 4 1 16 18
split_gain=57.6317 29.0585 20.5781 12.5844 10.8858 8.92429 15.5636 7.72995 11.2638 7.66035 7.82831 7.37571 11.8296 7.33684 9.72394 6.62504 6.46903 13.3849 7.42073 6.24193 10.4141 15.578 7.42382 7.04657 6.21098 6.15229 5.95328 5.57095 5.50275 5.50236
threshold=1.0000000180025095e-35 1.5000000000000002 -0.88287949002179567 1.0000000180025095e-35 0.36872654399397814 1.0000000180025095e-35 1.0000000180025095e-35 -0.7916720141527317 0.17454130086988542 1.5000000000000002 0.98912937046998473 -0.39491941185794077 0.29901902082122706 1.3761662241335031 1.4649603310321269 1.5000000000000002 0.62166408431675724 1.0000000180025095e-35 -0.39491941185794077 1.0000000180025095e-35 1.5000000000000002 0.70299076401073313 0.17436734599989009 1.4349308812565158 1.0458853405292767 1.910674093313627 1.0000000180025095e-35 0.17454130086988542 1.0000000180025095e-35 1.0000000180025095e-35
decision_type=2 2 2 2 2 2 2 2 2 2 2 2 2 2 2 2 2 2 2 2 2 2 2 2 2 2 2 2 2 2
left_child=2 11 4 5 7 24 -7 -1 -9 10 27 15 -13 -3 -15 28 18 -18 -8 -14 -21 22 -22 -23 -4 -11 -20 -5 -2 -30
right_child=1 13 3 9 -6 6 16 8 -10 25 -12 12 19 14 -16 -17 17 -19 26 20 21 23 -24 -25 -26 -27 -28 -29 29 -31
leaf_value=0.022874887135565625 0.0070008923798607972 -0.033322699289013373 -0.011635025300116397 -0.0018137575766886201 0.037077054637470852 -0.031875395465947899 0.035103879170782282 -0.054663394600085728 0.017044918384431517 0.023473074035431685 -0.028180645214756564 -0.021836982097656124 0.017170474035285918 0.049181851909570556 -0.021441078992228788 0.024633885001947114 -0.022692014489354012 0.069645032822819183 -0.024686039138430819 -0.035045697306643295 -0.0034895533547461867 -0.038553025367682923 0.054608487610568052 0.021981591369268291 -0.068108170243522198 -0.0055265509365937321 0.030510017784341478 0.017358944581721665 0.038491300584229622 -0.038313896824141928
leaf_weight=240.41562724113464 179.67665105313063 81.509740680456161 50.856358714401722 57.631766125559807 147.37567628920078 17.878894306719303 16.815960876643658 8.1360688358545321 16.751570999622345 235.77644393593073 13.95489104837179 64.012020513415337 55.126541383564472 6.7073148936033276 17.832702957093716 51.928506910800934 5.3844152241945276 14.47644230723381 16.561335578560833 20.725291803479195 8.2700972259044665 17.121176525950435 16.406889796257019 6.6842523366212836 5.3841950967907897 19.827081851661205 6.9290786758065215 110.59546872973442 2.8618420064449301 12.592636741697786
leaf_count=588 553 1019 186 202 366 83 42 30 41 625 65 454 167 23 129 134 29 50 66 82 26 70 39 23 24 79 17 273 27 122
internal_value=0.0104668 -0.00263637 0.0176714 0.0115325 0.0261814 -0.00185731 0.0090845 0.0201289 -0.00639739 0.0156397 0.00780556 0.00308016 -0.00437311 -0.0261066 -0.00213831 0.00876218 0.0212559 0.0446118 0.00974729 0.00461796 -0.00538059 0.00730066 0.0351379 -0.0215557 -0.0170415 0.0212236 -0.0084046 0.0107907 0.00453838 -0.0240912
internal_weight=1526.21 541.456 984.751 572.072 412.679 134.287 78.0461 265.303 24.8876 437.786 182.182 435.406 188.346 106.05 24.54 247.06 60.1672 19.8609 40.3064 124.334 69.2077 48.4824 24.677 23.8054 56.2406 255.604 23.4904 168.227 195.131 15.4545
internal_count=5634 2868 2766 1741 1025 497 287 659 71 1244 540 1697 861 1171 152 836 204 79 125 407 240 158 65 93 210 704 83 475 702 149
is_linear=0
shrinkage=0.05


Tree=36
num_leaves=31
num_cat=0
split_feature=13 16 18 18 1 1 2 3 0 4 2 1 1 1 0 1 2 1 10 12 1 12 10 1 2 1 2 0 14 2
split_gain=52.4083 26.82 19.2979 13.6338 8.69835 10.2729 8.45068 7.56588 7.51042 9.40815 7.05613 10.0693 6.95727 8.70424 6.67391 10.8221 6.40314 6.32057 6.8168 6.95634 6.24767 6.84188 12.28 10.0754 7.25294 7.09946 10.9432 6.139 6.02343 5.88798
threshold=1.0000000180025095e-35 1.5000000000000002 1.5000000000000002 2.5000000000000004 1.3894438475949793 1.3562497889412881 -0.95474149888685067 1.0000000180025095e-35 -1.2081862087976989 1.0000000180025095e-35 -0.49505121401086022 -0.26362027335883703 1.3761662241335031 1.4649603310321269 -0.39491941185794077 0.29901902082122706 -0.71214762719569291 0.66083426014645996 1.5000000000000002 1.5000000000000002 1.2301123660572622 1.5000000000000002 1.5000000000000002 0.9861360349526328 1.112639894376324 0.83842247394370728 0.37511409761602971 -1.1268595291037233 1.5000000000000002 -0.1148303883484655
decision_type=2 2 2 2 2 2 2 2 2 2 2 2 2 2 2 2 2 2 2 2 2 2 2 2 2 2 2 2 2 2
left_child=2 14 4 6 5 7 -4 10 -5 17 16 -12 -3 -14 28 -16 27 18 19 -10 21 22 25 -24 -23 26 29 -1 -2 -9
right_child=1 12 3 8 -6 -7 -8 20 9 -11 11 -13 13 -15 15 -17 -18 -19 -20 -21 -22 24 23 -25 -26 -27 -28 -29 -30 -31
leaf_value=0.03249458303436132 0.0043129778619818175 -0.032548161781511258 0.038558142624708261 0.022414660665769887 -0.042622816358951106 0.06952460398536417 0.0221873891353794 0.0048684075281003776 -0.016293474584220029 0.038142114782890965 -0.045568492449447058 0.01129772306961274 0.045903115196231227 -0.020599268380745706 -0.021032556870616392 0.0043878453466770643 0.052606251128412274 0.02136016202221119 -0.041793319345911226 0.030233692027846471 0.03873874266354619 -0.012763778255582739 -0.05916996508579217 0.028745978440741955 -0.070464362024052957 0.043196483391656298 -0.054574058520355052 -0.011448301929575445 0.023509981738914373 0.053152802598621374
leaf_weight=21.156894743442535 194.96742213517427 79.332839764654636 95.539509311318398 53.194079175591469 8.8748397789895517 6.5524428039789191 450.74043633788824 44.292732596397393 32.069180749356747 12.832502022385595 8.6425536870956403 78.406435299664736 6.8239369541406658 17.638437062501907 63.159398041665554 124.20146291702986 18.428951598703861 14.55743934214115 17.350488476455212 10.718649104237555 8.728043504059313 31.462666787207127 12.364955969154837 4.4251378029584876 6.5862875878810874 14.170227438211439 7.0703004002571097 12.730561643838881 51.696456238627434 7.3634685724973741
leaf_count=49 702 1019 233 132 38 14 1166 123 100 29 44 261 23 129 454 407 40 38 87 30 26 121 64 12 42 33 29 37 134 18
internal_value=0.0100101 -0.00252759 0.016903 0.0214755 0.00611752 0.00764936 0.0250505 0.00617948 0.00759756 -0.00140732 0.0143738 0.00565183 -0.0253599 -0.002048 0.00293266 -0.00418138 0.0288861 -0.00820179 -0.0153577 -0.0046381 -0.00218903 -0.00498558 0.00255159 -0.0359991 -0.0227518 0.0114309 0.00376609 0.0159865 0.00833634 0.0117512
internal_weight=1516.08 537.82 978.259 687.002 291.257 282.382 546.28 275.829 140.722 87.5283 139.365 87.049 103.795 24.4624 434.025 187.361 52.3164 74.6958 60.1383 42.7878 136.464 127.736 89.6868 16.7901 38.049 72.8967 58.7265 33.8875 246.664 51.6562
internal_count=5634 2868 2766 1815 951 913 1399 899 416 284 431 305 1171 152 1697 861 126 255 217 130 468 442 279 76 163 203 170 86 836 141
is_linear=0
shrinkage=0.05


Tree=37
num_leaves=31
num_cat=0
split_feature=13 16 0 17 1 5 18 2 1 14 2 2 11 3 2 18 2 4 0 1 2 0 3 0 1 1 2 18 5 12
split_gain=47.6643 24.7469 18.4773 10.8714 10.454 8.07062 13.6942 6.85245 10.0529 6.69922 7.20627 6.67966 7.67783 7.31311 6.04139 8.21117 7.03812 8.38999 6.0314 9.89955 6.01464 5.73669 11.8551 6.73259 5.69622 5.63928 8.42979 15.4052 5.62217 9.45763
threshold=1.0000000180025095e-35 1.5000000000000002 -0.88287949002179567 1.0000000180025095e-35 0.36872654399397814 1.0000000180025095e-35 1.0000000180025095e-35 -0.7916720141527317 0.17454130086988542 1.5000000000000002 0.4619548599997006 0.96484032231940964 1.5000000000000002 1.0000000180025095e-35 -0.61444215715896056 1.5000000000000002 -0.59170207137348318 1.0000000180025095e-35 -0.39491941185794077 0.29901902082122706 2.0100164101049662 0.62166408431675724 1.0000000180025095e-35 -0.39491941185794077 1.0458853405292767 -0.95073728749024256 -0.98906035299015083 1.0000000180025095e-35 1.0000000180025095e-35 1.5000000000000002
decision_type=2 2 2 2 2 2 2 2 2 2 2 2 2 2 2 2 2 2 2 2 2 2 2 2 2 2 2 2 2 2
left_child=2 18 4 5 7 24 -7 -1 -9 10 14 -3 13 -13 15 -5 -16 -18 25 -20 -15 23 -23 -8 -4 26 -2 -28 -21 -30
right_child=1 11 3 9 -6 6 21 8 -10 -11 -12 12 -14 20 16 -17 17 -19 19 28 -22 22 -24 -25 -26 -27 27 -29 29 -31
leaf_value=0.021025507462743995 0.016560881228158342 -0.03765112274030636 -0.01141270883972615 -0.057644462671181354 0.035253415019438301 -0.030406545563378573 0.03294636029163691 -0.052292508079499672 0.015670072908171882 0.019435376543065357 -0.013837152349963253 -0.029517071402054857 -0.023122543059825973 0.0068884729016837612 0.058519021995463189 0.0080341739550656901 0.0030438905092584887 0.031563333549133037 -0.020249965876066506 0.016048199186255604 0.091897661076913467 -0.022236613055602383 0.064746590167746934 -0.008575555082425676 -0.065788237218168386 0.016030843241957953 0.043382760838588087 -0.018462507345663876 -0.033735242685313693 0.0067189168390898628
leaf_weight=236.15794541686773 51.897456623613834 49.99486930668354 50.640178866684437 6.9006353765726116 142.3465606123209 17.655539833009243 16.766741335391998 8.1065999418497103 16.548650056123734 253.9133071154356 34.164097398519516 4.5512542836368057 38.760839093476534 4.1696036905050278 9.004946902394293 15.331958077847956 76.754571594297886 38.836406834423542 62.341529324650764 55.273913644254208 4.153385803103447 5.3429034128785142 14.679597653448582 23.370238915085793 5.3226010724902144 114.71061791479588 11.816131934523581 68.106060527265072 20.591649554669857 48.420923002064228
leaf_count=588 128 718 186 26 366 83 42 30 41 704 132 42 365 34 18 43 230 91 454 167 12 29 50 83 24 317 53 338 82 158
internal_value=0.00956965 -0.002419 0.0161668 0.0103619 0.024355 -0.00210285 0.00831192 0.0184068 -0.0066759 0.0141961 0.00684593 -0.0246241 -0.0120108 0.0214435 0.0116585 -0.0123514 0.0159427 0.0126259 0.00279087 -0.00399026 0.0493102 0.019675 0.0415356 0.00876973 -0.0165843 0.00792431 0.000869942 -0.00931897 0.00416553 -0.00535161
internal_weight=1506.63 534.788 971.843 568.684 403.16 133.778 77.815 260.813 24.6552 434.906 180.993 101.63 51.6351 12.8742 146.829 22.2326 124.596 115.591 433.158 186.628 8.32299 60.1595 20.0225 40.137 55.9628 246.53 131.82 79.9222 124.286 69.0126
internal_count=5634 2868 2766 1741 1025 497 287 659 71 1244 540 1171 453 88 408 69 339 321 1697 861 46 204 79 125 210 836 519 391 407 240
is_linear=0
shrinkage=0.05


Tree=38
num_leaves=31
num_cat=0
split_feature=10 16 0 17 1 1 9 18 0 0 4 1 1 3 2 0 1 1 13 11 11 6 11 2 2 8 18 0 6 15
split_gain=44.0985 22.1972 18.3751 12.4252 10.9847 9.64389 9.67827 7.47384 7.38943 8.93898 7.59998 7.26144 9.73196 9.33937 7.01284 9.12151 19.5601 11.088 6.1392 5.60388 5.60013 11.3555 5.55619 7.58929 5.77394 5.20548 8.74519 7.63009 5.62442 5.4514
threshold=1.0000000180025095e-35 1.5000000000000002 -1.0861961892567351 1.0000000180025095e-35 0.36872654399397814 -0.98227164321124916 1.0000000180025095e-35 1.5000000000000002 1.1096241624806125 1.312940861715552 1.0000000180025095e-35 -0.17399631499387105 -0.45282640768487625 1.0000000180025095e-35 0.96484032231940964 1.4349308812565158 0.50316248154142718 1.3678677094700804 1.5000000000000002 1.5000000000000002 1.5000000000000002 1.0000000180025095e-35 1.5000000000000002 0.41194864236902767 0.91137365685181615 1.0000000180025095e-35 2.5000000000000004 0.29635736554085385 1.0000000180025095e-35 1.5000000000000002
decision_type=2 2 2 2 2 2 2 2 2 2 2 2 2 2 2 2 2 2 2 2 2 2 2 2 2 2 2 2 2 2
left_child=2 8 4 5 18 -4 11 -5 10 -10 -2 12 13 -7 -3 16 -16 -18 19 -1 21 -17 23 -12 -24 27 28 -9 -27 -28
right_child=1 14 3 7 -6 6 -8 25 9 -11 22 -13 -14 -15 15 20 17 -19 -20 -21 -22 -23 24 -25 -26 26 29 -29 -30 -31
leaf_value=0.025459770949169881 0.0015218676861080708 -0.038817371247888463 0.05111829958921954 0.0064870566349118754 0.040069085003977684 -0.083380144425610092 0.0049147811476295458 0.015208908353327416 -0.051181539632326724 -0.0004925388858995172 0.019176828196241474 -0.051123020878210003 0.017741548164524494 -0.0086263235302317543 0.1363162233320506 0.082165474902466312 -0.059147230351871062 0.025229757356387206 -0.0064230237337389307 -0.002222483149340611 -0.043224420703836308 -0.059004616426680215 -0.021789804580784951 0.072567058605046725 0.034113889052757411 0.029649686245850699 -0.030455293589831813 -0.023016175097250374 0.0066583027416412368 0.021081224180641234
leaf_weight=159.21201401948929 346.42152652144432 45.660000383853912 8.1056250557303411 187.64896494150162 93.362372949719429 6.4702853932976696 89.120033025741577 95.796207264065742 13.718126781284807 23.765562653541565 22.603495582938194 15.394510783255098 16.653213649988178 11.794670276343822 2.8273003324866322 2.9073860272765186 6.1671313643455532 10.561233580112455 20.780010558664799 20.653739929199219 19.861148275434971 2.792886383831501 11.398286886513235 9.4341511726379377 7.7656065896153441 179.12861340492964 11.640608511865139 15.114661306142805 31.239389814436436 9.1759627163410187
leaf_count=391 1392 691 24 616 242 34 267 250 81 112 69 96 62 45 16 22 63 33 57 56 254 28 39 18 22 435 43 56 93 27
internal_value=0.00914879 -0.00251328 0.0154629 0.0109318 0.0259009 -0.00190084 -0.004983 0.0145059 0.00217879 -0.0190435 0.00417941 -0.0225152 -0.0099027 -0.0351076 -0.025003 -0.0110224 0.0146809 -0.00587693 0.0193083 0.0222811 -0.0306866 0.0129982 0.0221599 0.0348987 0.00086353 0.0189044 0.0231764 0.00999969 0.0262355 -0.00773795
internal_weight=1497.17 525.884 971.291 677.283 294.008 147.538 139.433 529.744 435.107 37.4837 397.623 50.3127 34.9182 18.265 90.7771 45.1171 19.5557 16.7284 200.646 179.866 25.5614 5.70027 51.2015 32.0376 19.1639 342.095 231.185 110.911 210.368 20.8166
internal_count=5634 2840 2794 2048 746 528 504 1520 1733 193 1540 237 141 79 1107 416 112 96 504 447 304 50 148 87 61 904 598 306 528 70
is_linear=0
shrinkage=0.05


Tree=39
num_leaves=31
num_cat=0
split_feature=13 16 0 1 17 5 18 0 18 0 2 1 3 11 2 2 14 2 18 0 6 0 2 2 0 12 2 2 2 18
split_gain=40.2689 21.1581 16.1314 9.70432 9.24306 7.36204 12.4573 7.31881 6.78038 7.01989 7.85633 12.662 10.5667 7.26971 6.23732 6.26233 5.93078 6.40077 5.74475 5.55997 11.1879 9.94055 9.84242 12.8415 9.64437 8.02895 5.75579 5.49387 5.473 5.29298
threshold=1.0000000180025095e-35 1.5000000000000002 -0.88287949002179567 0.36872654399397814 1.0000000180025095e-35 1.0000000180025095e-35 1.5000000000000002 0.62166408431675724 1.5000000000000002 1.5569209007974796 0.96484032231940964 0.48822515514726633 1.0000000180025095e-35 1.5000000000000002 -0.95745492941294386 -0.97533940267804387 1.5000000000000002 0.98912937046998473 1.5000000000000002 0.45901072492880557 1.0000000180025095e-35 0.21503068584687804 1.3028326988226859 -0.41245087342100301 -0.39491941185794077 1.5000000000000002 -0.71214762719569291 2.1776778541909354 1.910674093313627 1.5000000000000002
decision_type=2 2 2 2 2 2 2 2 2 2 2 2 2 2 2 2 2 2 2 2 2 2 2 2 2 2 2 2 2 2
left_child=2 19 3 14 5 -4 -7 -8 9 10 -3 -12 -13 -14 15 -1 17 -6 -19 21 22 24 23 -21 -2 -23 -26 -15 -18 -25
right_child=1 8 4 -5 16 6 7 -9 -10 -11 11 12 13 27 -16 -17 28 18 -20 20 -22 25 -24 29 26 -27 -28 -29 -30 -31
leaf_value=0.014316245509791579 0.0073290762433491563 -0.025334751384230043 -0.015927981295534691 0.033359070369873879 0.0087595651168893059 -0.015095084449590191 0.012745242552756164 0.058268157033322845 -0.043465870684833478 -0.040694816079668426 0.10445013167817259 -0.036969645814638262 0.084007959010731881 -0.034421637744493576 0.0097001576565935374 0.037372072671670517 0.02008594214940615 0.00071545776613331409 -0.064892058413566933 0.074648498701932159 -0.035544634389367023 -0.00043848848298482651 0.019518086714060807 -0.056177492074480695 -0.057222061831689743 0.054329525022001737 -0.0091628080028760186 0.05109464083620862 -0.0072507176828445728 -0.0096936243285292781
leaf_weight=61.63615308701992 245.47753356397152 24.054189018905163 55.767626501619816 137.04478773474693 166.32830104976892 33.503458540886641 31.887710988521576 12.209909118711947 29.313006512820721 18.846257951110601 3.3920429907739189 10.103487931191921 4.353252574801445 4.2880442589521408 138.86784406006336 56.403785288333893 232.45429133623838 7.958017308264969 5.7455756664276123 3.1841533631086376 26.981612838804722 10.749843247234823 37.312860034406185 11.813545756042005 6.9767378568649283 17.726937219500542 58.209862045943737 3.3417510315775871 19.874893628060818 12.715685859322546
leaf_count=153 836 356 210 366 475 155 94 38 380 273 23 77 15 35 362 144 625 40 25 31 159 57 112 79 72 46 252 12 79 53
internal_value=0.00874139 -0.00233704 0.0148463 0.0226145 0.00943672 -0.00207048 0.00788814 0.0253498 -0.0233472 -0.0147227 -0.0048408 0.0145074 0.000694068 0.0324502 0.016883 0.0253332 0.0129863 0.00605346 -0.0267921 0.00242356 -0.00847754 0.005381 0.00275353 -0.019818 0.0027893 0.0336549 -0.0143065 0.00303338 0.0179328 -0.0320808
internal_weight=1488.52 528.841 959.682 393.953 565.73 133.369 77.6011 44.0976 97.692 68.379 49.5328 25.4786 22.0865 11.983 256.908 118.04 432.361 180.032 13.7036 431.149 92.0079 339.141 65.0262 27.7134 310.664 28.4768 65.1866 7.6298 252.329 24.5292
internal_count=5634 2868 2766 1025 1741 497 287 132 1171 791 518 162 139 62 659 297 1244 540 65 1697 434 1263 275 163 1160 103 324 47 704 132
is_linear=0
shrinkage=0.05


Tree=40
num_leaves=31
num_cat=0
split_feature=10 16 0 18 1 2 0 1 1 0 0 4 1 2 2 17 12 5 18 1 4 11 6 11 2 2 11 13 8 5
split_gain=37.8515 18.9234 16.1091 11.0401 10.3344 6.52157 8.06758 14.4782 10.3478 6.47921 8.37019 6.79104 6.37607 5.72584 8.03616 5.32747 9.5292 8.38558 6.91042 6.25227 5.23022 5.17458 9.69856 4.92806 6.86172 5.29038 4.85691 5.7891 7.11743 10.6269
threshold=1.0000000180025095e-35 1.5000000000000002 -1.0861961892567351 1.5000000000000002 0.36872654399397814 0.96484032231940964 1.4349308812565158 0.50316248154142718 1.3678677094700804 1.1096241624806125 1.312940861715552 1.0000000180025095e-35 0.60440436043518531 -0.96484820368039614 -0.97781115113298711 1.0000000180025095e-35 1.5000000000000002 1.0000000180025095e-35 1.0000000180025095e-35 0.34051159413834092 1.0000000180025095e-35 1.5000000000000002 1.0000000180025095e-35 1.5000000000000002 0.41194864236902767 0.91137365685181615 1.5000000000000002 1.5000000000000002 1.0000000180025095e-35 1.0000000180025095e-35
decision_type=2 2 2 2 2 2 2 2 2 2 2 2 2 2 2 2 2 2 2 2 2 2 2 2 2 2 2 2 2 2
left_child=2 9 4 15 13 -3 7 -7 -9 11 -11 -2 -5 14 20 16 19 18 -18 -4 -1 22 -8 24 -13 -25 27 28 29 -15
right_child=1 5 3 12 -6 6 21 8 -10 10 -12 23 -14 26 -16 -17 17 -19 -20 -21 -22 -23 -24 25 -26 -27 -28 -29 -30 -31
leaf_value=0.0029040963666188747 0.0011276786387094686 -0.037619631087253663 -0.015283475694566569 0.0078915287385038606 0.038268548089824106 0.11066306783072605 0.072159151777839423 -0.058784217902079786 0.02407191989488849 -0.049890443250055858 -0.00038770041440629389 0.017710761650503618 0.020223737522079292 0.01778759615364775 0.038228970879893118 0.0056821461610801439 -0.05427061774278738 -0.065895619466933064 0.025645308846308518 0.02690555383386466 0.046852756250781218 -0.04209951488241967 -0.058371740922795512 -0.021119459596373878 0.068565004228683529 0.032389241378937984 -0.018916690739210946 -0.023819567630591298 0.038317171630369892 -0.04613006751096832
leaf_weight=39.288287281990051 346.04136368632317 42.98709699138999 18.468320809304714 185.09487918019295 89.43677219748497 3.2135349065065411 3.0972046665847328 5.8453818410635021 10.604518026113508 13.348642237484453 23.700575180351734 22.522387012839321 241.64804673194885 33.681716084480286 57.908139705657959 187.17088840156794 4.4560134373605251 11.85725387558341 6.8841676265001297 16.743038944900036 8.1789981275796872 18.773288331925869 2.6326616704463959 11.376259848475458 9.4021946936845762 7.7772670909762374 13.613591641187666 9.1953665763139707 27.200999841094017 8.0587904006242734
leaf_count=104 1392 691 73 554 242 16 22 63 33 81 112 69 625 81 149 616 24 76 29 51 17 254 28 39 18 22 39 27 61 26
internal_value=0.0083498 -0.00249396 0.0142453 0.0100143 0.0241719 -0.0237559 -0.0102624 0.0135925 -0.00537055 0.00177409 -0.0182233 0.00363974 0.0148748 0.0177762 0.0257278 0.00156824 -0.0116148 -0.0364965 -0.00575687 0.00477745 0.0104768 -0.0294055 0.012185 0.0206584 0.032688 0.000607686 0.00864383 0.0134456 0.018416 0.00544709
internal_weight=1480.21 521.322 958.885 672.323 286.563 87.1537 44.1666 19.6634 16.4499 434.169 37.0492 397.119 426.743 197.126 105.375 245.58 58.4088 23.1974 11.3402 35.2114 47.4673 24.5032 5.72987 51.0781 31.9246 19.1535 91.7505 78.1369 68.9415 41.7405
internal_count=5634 2840 2794 2048 746 1107 416 112 96 1733 193 1540 1179 504 270 869 253 129 53 124 121 304 50 148 87 61 234 195 168 107
is_linear=0
shrinkage=0.05


Tree=41
num_leaves=31
num_cat=0
split_feature=16 17 0 1 1 0 8 13 18 0 2 0 0 1 1 3 6 18 0 11 0 1 1 12 0 1 8 0 2 4
split_gain=34.5609 14.0748 12.8078 12.7231 9.87095 9.60041 10.6592 6.66905 6.30834 6.16397 8.25282 6.4822 10.2892 17.3768 10.1495 10.1039 8.71405 10.9467 8.40854 6.71032 6.65077 12.8455 10.7989 8.72775 6.05219 6.36483 5.75878 5.69738 5.52668 5.37248
threshold=1.0000000180025095e-35 1.0000000180025095e-35 1.0000000180025095e-35 -1.4586063848917161 1.0342674200004847 -1.2488495486446869 1.0000000180025095e-35 1.5000000000000002 2.5000000000000004 1.5975842406444676 2.307417184203731 1.0689608226336247 0.82498078355169691 -1.3108928238827906 -0.26362027335883703 1.0000000180025095e-35 1.0000000180025095e-35 1.0000000180025095e-35 1.312940861715552 1.0000000180025095e-35 1.5162575609504916 0.22931149764847567 0.86497772086666014 1.0000000180025095e-35 1.2316141820215762 0.6890492100020974 1.5000000000000002 -0.15093937277601327 -0.10161477327603587 1.0000000180025095e-35
decision_type=2 2 2 2 2 2 2 2 2 2 2 2 2 2 2 2 2 2 2 2 2 2 2 2 2 2 2 2 2 2
left_child=1 -1 4 -2 5 -3 -7 28 27 10 11 12 -5 -14 -15 19 -16 -18 24 26 21 -20 -23 -22 25 -17 -13 -8 -4 -21
right_child=3 2 7 9 -6 6 8 -9 -10 -11 -12 15 13 14 16 18 17 -19 20 29 23 22 -24 -25 -26 -27 -28 -29 -30 -31
leaf_value=0.0039659237798825488 -0.034148936365434923 0.030696524795835983 -0.028762300307479522 -0.0030157875951144155 0.037028968967493379 0.0060122346993070428 0.02780455709342243 -0.016596626434093351 -0.0022338990660425565 -0.02789744325018878 0.038644060125291681 -0.059088735770148386 0.17775616210730716 -0.065081211769258851 0.039050681813284749 -0.058524728615557013 0.047008057993124443 -0.07052829950336148 -0.055424444379035986 -0.054364354950137694 0.036567275677117442 0.089853040487658783 0.018235956383338029 -0.060891538556988957 -0.064681417942004077 0.021645285304360405 0.012457170251242031 -0.0033455651764276238 0.011459818404840821 -0.002912802452136196
leaf_weight=346.30814024060965 34.981534101068974 105.16123875975609 9.156566455960272 146.33350370451808 71.083971843123436 214.93288898468018 166.95420995354652 32.059656396508217 23.927283272147179 22.10935178399086 12.860343329608439 3.6256654709577569 1.7859746031463135 3.3405561819672576 28.31636605411768 3.6523115634918231 3.4836385250091535 4.5924917086958885 3.981232330203059 23.942203272134069 3.9082958623766881 7.8060267232358482 16.161415915936232 5.5727300867438316 6.5057569257915011 7.6850812844932079 12.541181161999702 16.093984365463257 126.89725188910961 6.4378726333379737
leaf_count=1036 527 275 34 793 169 611 420 113 71 268 55 37 19 27 102 38 18 31 52 214 23 33 59 62 50 25 56 45 336 35
internal_value=0.00797578 0.0123313 0.0161119 -0.00549894 0.0195389 0.0171801 0.0138111 0.00391862 0.0219098 -0.00241178 -0.000549269 -0.0022893 0.00321732 0.0251859 0.0183279 -0.0124488 0.0259843 -0.019829 0.00200521 -0.0296123 0.0154701 0.0277457 0.0415611 -0.0207168 -0.0262401 -0.00418128 -0.00358811 0.0250658 0.00875283 -0.0434612
internal_weight=1472.2 1112.58 766.267 359.624 598.154 527.07 421.908 168.113 206.975 324.642 302.533 289.672 187.853 41.519 39.7331 101.82 36.3925 8.07613 55.2729 46.5469 37.4297 27.9487 23.9674 9.48103 17.8431 11.3374 16.1668 183.048 136.054 30.3801
internal_count=5634 3110 2074 2524 1591 1422 1147 483 536 1997 1729 1674 990 197 178 684 151 49 342 342 229 144 92 85 113 63 93 465 370 249
is_linear=0
shrinkage=0.05


Tree=42
num_leaves=31
num_cat=0
split_feature=10 16 0 1 18 2 0 1 1 0 0 4 1 2 2 4 11 6 15 3 1 17 12 5 18 1 1 1 1 13
split_gain=32.9592 16.4006 14.548 9.89856 9.7598 6.00767 7.22122 11.6374 9.54941 5.67175 7.37403 6.01557 5.6216 5.06203 7.59914 4.91246 4.86758 8.49496 4.8142 5.51191 4.75858 4.63493 8.70239 7.88713 6.31744 5.57966 4.80193 5.57437 6.44351 5.06325
threshold=1.0000000180025095e-35 1.5000000000000002 -1.0861961892567351 0.36872654399397814 1.5000000000000002 0.96484032231940964 1.4349308812565158 0.50316248154142718 1.3678677094700804 1.1096241624806125 1.312940861715552 1.0000000180025095e-35 0.60440436043518531 -0.96484820368039614 -0.97781115113298711 1.0000000180025095e-35 1.5000000000000002 1.0000000180025095e-35 1.5000000000000002 1.0000000180025095e-35 -0.98227164321124916 1.0000000180025095e-35 1.5000000000000002 1.0000000180025095e-35 1.0000000180025095e-35 0.34051159413834092 -0.80800283527937078 -0.3134113613393737 0.15711442007669765 1.5000000000000002
decision_type=2 2 2 2 2 2 2 2 2 2 2 2 2 2 2 2 2 2 2 2 2 2 2 2 2 2 2 2 2 2
left_child=2 9 3 13 21 -3 7 -7 -9 11 18 -2 20 14 15 -1 17 -8 19 -11 -6 22 25 24 -24 -4 -23 -28 -29 -30
right_child=1 5 4 -5 12 6 16 8 -10 10 -12 -13 -14 -15 -16 -17 -18 -19 -20 -21 -22 26 23 -25 -26 -27 27 28 29 -31
leaf_value=0.0018828837645992382 0.00075339857287968917 -0.036533395277108832 -0.014589387874208007 0.036804885894111135 0.033500377619396282 0.095611641038908624 0.065078747499210096 -0.058417613295838548 0.022479809823604369 0.044020209003433376 -0.0009417497952566526 0.019164411198717247 0.01879858445175514 0.0078542526508085953 0.036497027974315123 0.044975475049988965 -0.041227915613977692 -0.0579018112930949 -0.073356820846688417 -0.059196372722050743 0.0047302547172418377 -0.034466727482453864 -0.052484323740514531 -0.064417126215995199 0.024239404790574438 0.025299132478184817 0.030685506749061883 -0.033730818359357137 0.012280835463960006 -0.0079126444498331568
leaf_weight=38.927879594266415 345.37563960254192 40.749633900821209 18.382973954081535 86.280686214566231 15.709924124181269 3.4753516092896488 3.2385544665157822 5.5474944114685085 10.65346499532461 2.4294625222682935 23.656771406531334 50.906637758016586 238.81875330209732 90.970961049199104 55.909691423177719 7.967085361480712 17.922572165727615 2.4791129156947136 7.6155236884951591 2.766067199409008 168.83115171641111 7.3931573480367652 4.3879205733537674 11.485113251954317 6.9052169285714626 16.760042205452919 21.263731151819229 10.870520435273646 102.45180947333574 44.535628102719784
leaf_count=104 1392 691 73 242 42 16 22 63 33 17 112 148 625 234 149 17 254 28 39 25 512 29 24 76 29 51 63 50 287 187
internal_value=0.00761387 -0.00254373 0.0131523 0.0227176 0.00914084 -0.0227525 -0.00978826 0.0125888 -0.0052209 0.00138204 -0.0174873 0.00311849 0.0137338 0.0164451 0.0240471 0.00920398 -0.0284132 0.0117558 -0.0480403 -0.0109316 0.00717945 0.00118583 -0.0111693 -0.0352422 -0.00557141 0.00443383 0.00502265 0.00665255 0.00341527 0.00616243
internal_weight=1464.67 516.816 947.852 280.056 667.796 84.0662 43.3166 19.6763 16.201 432.75 36.4678 396.282 423.36 193.776 102.805 46.895 23.6402 5.71767 12.8111 5.19553 184.541 244.436 57.9213 22.7783 11.2931 35.143 186.515 179.122 157.858 146.987
internal_count=5634 2840 2794 746 2048 1107 416 112 96 1733 193 1540 1179 504 270 121 304 50 81 42 554 869 253 129 53 124 616 587 524 474
is_linear=0
shrinkage=0.05


Tree=43
num_leaves=31
num_cat=0
split_feature=10 16 2 1 17 2 1 8 18 2 0 1 1 1 1 11 0 1 11 0 0 1 2 2 2 2 0 18 1 2
split_gain=29.9842 15.1872 13.751 12.9776 8.1322 6.86449 8.76057 7.99501 6.70323 5.7254 6.66051 9.88108 8.92157 5.47725 8.11447 7.42901 6.32906 6.87879 7.90917 5.15985 6.87724 5.79063 5.6395 5.54591 11.3698 6.28261 8.61732 8.50953 7.38073 8.14887
threshold=1.0000000180025095e-35 1.5000000000000002 -0.46823548966189871 0.82016574168417733 1.0000000180025095e-35 -0.96054186859445068 -0.47938165460782917 1.5000000000000002 2.5000000000000004 0.96484032231940964 1.4349308812565158 0.50316248154142718 1.3678677094700804 0.62266109269471526 0.79527019769390905 1.5000000000000002 1.0000000180025095e-35 -0.28021730268568262 1.5000000000000002 1.1096241624806125 1.312940861715552 0.88987326485692841 0.16894830537639013 -0.98423769711583942 -0.97533940267804387 -0.91645686170695273 -1.1268595291037233 2.5000000000000004 -0.82791927047158531 -0.58648393574638102
decision_type=2 2 2 2 2 2 2 2 2 2 2 2 2 2 2 2 2 2 2 2 2 2 2 2 2 2 2 2 2 2
left_child=2 19 3 5 13 6 -1 8 -7 -3 11 -11 -13 16 -15 -16 -4 -18 -19 21 -21 23 -23 -2 -25 -26 -27 -28 -29 -30
right_child=1 9 4 -5 -6 7 -8 -9 -10 10 -12 12 -14 14 15 -17 17 18 -20 20 -22 22 -24 24 25 26 27 28 29 -31
leaf_value=0.011106808210137313 0.014127238435202119 -0.035860152222363204 -0.048106591741372703 0.039243464648149387 0.0097133350623363757 0.010702545653564103 0.037561970512889675 0.024180984719953214 -0.010506348147949672 0.085936277646201611 -0.027673476866339933 -0.05801064306352155 0.021237354381984309 0.032914112018350747 -0.037685148850131703 0.0089540585992039807 0.026699024366437937 0.00061570073177803612 -0.06817133293394248 -0.046711042861710489 -0.00089496791140332606 0.03617153271449626 0.0065425846237866792 -0.049980652296973099 0.014116268230723907 -0.071683618237844068 0.0029080676554067799 -0.043396236184179059 0.027006232088146211 -0.027816502981373604
leaf_weight=59.499893262982368 56.906902775168419 39.471635680645704 13.763149715960024 64.654199652373791 358.05999597907066 168.28193390369415 66.011115334928036 84.049047037959099 47.848250478506088 3.6679450571537044 23.093058090656996 5.3130233064293888 10.711351357400416 16.526828486472368 14.105878695845602 21.632099132984877 9.9352342560887354 11.124030336737635 6.6932519003748885 12.530510440468786 23.648921608924866 22.702578380703926 54.890033483505249 12.321758151054381 55.143477723002434 4.7277339100837699 140.62810545414686 21.323081277310848 11.889299064874651 15.767406433820723
leaf_count=152 146 691 62 172 1080 453 189 225 150 16 304 63 33 45 55 71 50 39 51 81 112 55 160 50 191 17 624 179 34 84
internal_value=0.00727122 -0.00243329 0.012573 0.0183715 0.00628045 0.0152014 0.0250206 0.0110958 0.00600719 -0.0221263 -0.00945619 0.0119071 -0.00503802 -0.00682655 0.00394298 -0.00945457 -0.0203845 -0.00663643 -0.0252249 0.0013123 -0.0167631 0.00296246 0.0152116 -1.97279e-05 -0.00309481 -0.000779125 -0.00500575 -0.00334319 -0.0212914 -0.00424884
internal_weight=1456.92 514.737 942.185 490.344 451.84 425.69 125.511 300.179 216.13 82.257 42.7854 19.6923 16.0244 93.7805 52.2648 35.738 41.5157 27.7525 17.8173 432.48 36.1794 396.3 77.5926 318.708 261.801 249.479 194.336 189.608 48.9798 27.6567
internal_count=5634 2840 2794 1341 1453 1169 341 828 603 1107 416 112 96 373 171 126 202 140 90 1733 193 1540 215 1325 1179 1129 938 921 297 118
is_linear=0
shrinkage=0.05


Tree=44
num_leaves=31
num_cat=0
split_feature=13 16 17 0 15 18 0 2 2 15 17 1 18 3 1 0 3 0 0 11 18 2 3 0 6 1 1 2 15 2
split_gain=28.1842 14.4867 12.7435 12.5203 8.4835 6.83406 6.27002 6.38568 6.08218 5.96249 5.92404 6.80132 4.98992 7.07027 7.43809 4.82104 6.04667 14.0172 13.6654 8.55503 4.75502 5.91727 4.74781 11.412 9.31976 8.96431 11.2281 8.31564 7.75052 6.72716
threshold=1.0000000180025095e-35 1.5000000000000002 1.0000000180025095e-35 -1.0048695095627596 1.5000000000000002 1.5000000000000002 1.5569209007974796 2.1776778541909354 -0.95745492941294386 1.0000000180025095e-35 1.0000000180025095e-35 0.028487442793644405 1.5000000000000002 1.0000000180025095e-35 0.88987326485692841 1.35360420156254 1.0000000180025095e-35 0.78431744370470902 0.98763414293964857 1.0000000180025095e-35 1.0000000180025095e-35 0.15438146781525833 1.0000000180025095e-35 0.62166408431675724 1.0000000180025095e-35 0.29901902082122706 0.60440436043518531 -0.99103775175410525 1.0000000180025095e-35 1.2338214819606721
decision_type=2 2 2 2 2 2 2 2 2 2 2 2 2 2 2 2 2 2 2 2 2 2 2 2 2 2 2 2 2 2
left_child=2 22 8 4 -4 6 7 9 -1 10 11 -3 13 -5 20 16 -11 -18 -19 -20 21 -15 23 -2 29 27 -27 -26 -25 -24
right_child=1 5 3 12 -6 -7 -8 -9 -10 15 -12 -13 -14 14 -16 -17 17 18 19 -21 -22 -23 24 28 25 26 -28 -29 -30 -31
leaf_value=0.018472895451966603 0.011979657166633502 0.12680046524621641 0.019408482006050779 0.014061517190082504 0.041555735794655116 -0.042056054700868421 -0.038241926265750764 0.040787505634706164 -0.0013847441213865953 -0.035213267483282122 -0.019137595655230558 0.0033170602365407541 0.015114804701269649 0.0079528860736325195 0.012306981603061975 -0.056065441250076925 -0.05584825130306327 0.15116761522967104 0.069186462742671512 -0.05738086806535253 -0.03522590833609477 -0.046167963281617971 -0.0019071969989373023 -0.063192692382051815 0.018732843792890651 0.057726474794466437 -0.021445403548543046 -0.049953869540835909 -0.0068668162532476004 0.028216813081154514
leaf_weight=47.739664301276207 176.89376198500395 2.2841383852064592 149.82305160164833 92.520403988659382 60.780140914022923 26.41980355232954 16.523464668542147 7.2322332710027686 200.55138381943107 11.71908321976662 3.6858203262090683 2.1787709817290306 296.39235608652234 22.022638738155369 33.655908286571503 7.2240880616009227 4.4646815396845341 2.5164251811802387 2.8518202155828476 2.5103764832019806 22.403000049293041 6.5533649474382392 137.8243667781353 7.6652831882238379 5.2735748440027228 6.5407651215791729 14.201183199882506 26.799066260457039 30.049924150109291 21.412289902567863
leaf_count=125 642 26 415 282 163 380 273 29 689 154 43 22 803 67 103 106 72 19 11 36 88 31 539 58 14 20 51 182 133 58
internal_value=0.00694688 -0.00242558 0.0121362 0.0156575 0.0258002 -0.0207014 -0.0117732 -0.00240141 0.00243334 -0.0103221 0.0277736 0.0665165 0.0111467 0.00450792 -0.00593579 -0.0202443 -0.00948992 0.0149326 0.0550428 0.00993245 -0.0179795 -0.00445871 0.00141287 0.00665578 -0.00389328 -0.0220943 0.00352065 -0.03866 -0.0183146 0.00214353
internal_weight=1448.71 516.271 932.442 684.151 210.603 89.6107 63.1909 46.6674 248.291 39.4352 8.14873 4.46291 473.548 177.155 84.6349 31.2865 24.0624 12.3433 7.87862 5.3622 50.979 28.576 426.66 214.609 212.051 52.8146 20.7419 32.0726 37.7152 159.237
internal_count=5634 2868 2766 1952 578 1171 791 518 814 489 91 48 1374 571 289 398 292 138 66 47 186 98 1697 833 864 267 71 196 191 597
is_linear=0
shrinkage=0.05


Tree=45
num_leaves=31
num_cat=0
split_feature=10 0 2 1 2 1 18 2 2 8 16 2 1 1 1 12 3 2 2 2 2 2 6 0 18 14 4 1 1 1
split_gain=25.6814 13.5939 12.0177 12.1751 7.38603 12.8017 8.1941 6.24903 8.50869 7.54268 6.11749 7.64422 9.24203 6.57981 5.70722 10.5982 8.48953 7.47946 5.6804 9.74257 7.16971 11.6431 5.7022 5.66055 5.13398 4.73999 4.6513 4.55095 5.96221 7.08795
threshold=1.0000000180025095e-35 1.5569209007974796 -0.45278980820567594 0.82016574168417733 -0.40393707318730981 0.53635654019511836 1.5000000000000002 -0.9634200823508734 -0.97781115113298711 1.5000000000000002 1.5000000000000002 0.96484032231940964 0.50316248154142718 1.3014795921626983 1.2151750396631011 1.5000000000000002 1.0000000180025095e-35 1.910674093313627 0.37511409761602971 0.91137365685181615 1.0000000180025095e-35 -0.16443014067765885 1.0000000180025095e-35 0.86564412339868479 2.5000000000000004 1.5000000000000002 1.0000000180025095e-35 -0.50261749566541292 0.55793267832001747 0.50316248154142718
decision_type=2 2 2 2 2 2 2 2 2 2 2 2 2 2 2 2 2 2 2 2 2 2 2 2 2 2 2 2 2 2
left_child=2 10 3 7 5 -4 14 8 26 24 -2 -12 -13 -14 15 18 17 -16 20 22 21 -6 -20 -21 -9 -26 -1 -8 29 -29
right_child=1 -3 4 -5 6 -7 27 9 -10 -11 11 12 13 -15 16 -17 -18 -19 19 23 -22 -23 -24 -25 25 -27 -28 28 -30 -31
leaf_value=0.0002997682318805535 0.0014114597513800616 -0.041668854134326139 -0.082797985930967044 0.037389303616845893 0.018580824862164818 0.012943367459266051 0.04733468873512231 0.0094185901043370712 0.035287609109460202 0.022835437621890844 -0.03203717457657327 0.061494535990805579 -0.054434370108493738 0.0059519829211089892 0.015543308160984504 -0.023366380372383977 0.034207621392449948 -0.05091921849366348 -0.063490072333862904 0.050720566377581024 0.037188716302844427 -0.061959312889452271 5.0680189563709127e-05 -0.007976604180313613 -0.018438472456992792 0.016579354863569842 0.042874415271466682 0.0038832695615910367 0.015641572526991939 -0.048784606587186724
leaf_weight=38.397045977413654 427.70986400544643 21.120778191834688 6.3314979746937734 63.454326190054417 16.980601981282238 7.7838016152381897 9.0348477289080602 177.98796635866165 67.409283049404621 86.497410960495472 32.580329451709986 5.5270980335772064 6.2168344408273724 16.440551958978176 10.312808953225614 55.29482388868928 23.642762526869774 7.1804077029228202 9.5315493047237378 6.7528126686811474 22.000963699072599 6.0990429520606986 5.60839695110917 10.484575334936379 35.461744695901871 13.283458352088926 7.7020680010318747 52.662889443337917 184.91335768252611 7.2699051052331916
leaf_count=104 1709 349 31 175 47 20 27 486 192 238 594 32 92 64 30 264 68 39 43 15 63 26 23 49 115 37 17 173 486 26
internal_value=0.00662956 -0.00239569 0.0115639 0.0169544 0.00558417 -0.030002 0.00675842 0.0139158 0.0239669 0.0102735 -0.000697591 -0.0155427 0.00352431 -0.0106171 -0.00160329 -0.00664567 0.0146693 -0.0117374 0.00529073 -0.0106865 0.0167657 -0.00270277 -0.0399522 0.0150182 0.00548119 -0.00889583 0.00741298 0.0124855 0.0111996 -0.00250539
internal_weight=1441.67 509.595 932.078 490.193 441.885 14.1153 427.77 426.739 113.508 313.231 488.475 60.7648 28.1845 22.6574 173.889 132.753 41.136 17.4932 77.4579 32.3773 45.0806 23.0796 15.1399 17.2374 226.733 48.7452 46.0991 253.881 244.846 59.9328
internal_count=5634 2840 2794 1364 1430 51 1379 1189 313 876 2491 782 188 156 667 530 137 69 266 130 136 73 66 64 638 152 121 712 685 199
is_linear=0
shrinkage=0.05


Tree=46
num_leaves=31
num_cat=0
split_feature=13 16 17 0 8 2 15 2 2 14 18 8 0 0 18 11 1 2 15 8 2 2 11 3 4 6 0 3 0 0
split_gain=24.2446 12.2446 11.5307 11.4485 9.33288 9.06955 8.66299 6.79182 7.45232 6.81774 6.56219 6.45102 9.48644 5.73653 5.67828 5.45806 5.74362 5.43552 5.32105 5.42303 6.18686 5.23894 5.03085 4.96364 5.25086 4.91747 4.70469 5.54762 12.5826 11.301
threshold=1.0000000180025095e-35 1.5000000000000002 1.0000000180025095e-35 -0.27292939231697699 1.0000000180025095e-35 -0.016147204478444574 1.5000000000000002 0.43464478595975037 0.50427119354832806 1.5000000000000002 1.5000000000000002 1.0000000180025095e-35 0.82498078355169691 1.5569209007974796 1.0000000180025095e-35 1.5000000000000002 0.19943684486015373 2.1776778541909354 1.0000000180025095e-35 1.0000000180025095e-35 1.0864283752052375 -0.95745492941294386 1.5000000000000002 1.0000000180025095e-35 1.0000000180025095e-35 1.0000000180025095e-35 1.35360420156254 1.0000000180025095e-35 0.78431744370470902 0.98763414293964857
decision_type=2 2 2 2 2 2 2 2 2 2 2 2 2 2 2 2 2 2 2 2 2 2 2 2 2 2 2 2 2 2
left_child=2 -2 21 4 -4 15 25 14 -9 23 13 12 -11 17 -7 16 -5 18 19 -3 -21 -1 -8 24 -10 -6 27 -20 -29 -30
right_child=1 10 3 5 6 7 22 8 9 11 -12 -13 -14 -15 -16 -17 -18 -19 26 20 -22 -23 -24 -25 -26 -27 -28 28 29 -31
leaf_value=0.016968727346933467 0.001086412272686765 0.079284603431909517 0.012315159202948735 -0.054549455147003392 0.0218566026482582 -0.009038282162931028 0.045924304676850408 -0.044854570651392242 -0.01768440804184198 -0.060058599208722155 -0.041069965221880403 0.01690903037617203 0.014434873171885547 -0.036990449328216823 0.029221454036497365 0.0060367347697283628 0.0024811531038029079 0.037574113159249523 -0.033872587297600856 -0.054314668700884285 0.054878498129278502 -0.0016068045841823063 0.019500059541581641 -0.035545420968210333 0.038475348719768959 -0.010741936236256721 -0.055798011738591648 -0.055614758038329153 0.13526166998052508 0.0093453929408304978
leaf_weight=46.851970016956329 425.33985800668597 3.0388778038322908 208.99859770014882 12.839271795004608 99.473232083022594 11.619923882186411 66.6960509121418 7.3745247721672049 10.782240170985462 7.1867567151784923 25.140443984419107 102.29432616382837 10.543744724243878 15.527309529483317 58.626325760036707 13.899289131164549 6.7283161431550971 7.3502823486924163 11.185960069298748 2.8546613119542599 2.3777531795203686 199.95064711198211 24.677171535789967 14.483317662030457 6.7790238484740248 13.091246753931044 6.7750621363520613 4.1571171320974827 2.6834402531385422 5.304259080439806
leaf_count=125 1697 30 584 54 267 41 167 26 43 28 380 304 37 273 146 45 18 29 154 43 18 689 69 64 19 40 106 72 19 47
internal_value=0.00632959 -0.00239933 0.0111697 0.0145464 0.0197405 0.00639606 0.02735 0.00993922 0.00423233 0.00661278 -0.0195603 0.0120831 -0.0157598 -0.0107322 0.0228926 -0.0179215 -0.0349395 -0.00181594 -0.00936023 0.0261596 -0.00469429 0.0019195 0.0387879 -0.0138765 0.00399446 0.0180654 -0.019119 -0.00846768 0.0149315 0.0516465
internal_weight=1434.63 511.735 922.896 676.093 412.936 263.157 203.938 229.69 159.444 152.069 86.3952 120.025 17.7305 61.2547 70.2462 33.4669 19.5676 45.7274 38.3771 8.27129 5.23241 246.803 91.3732 32.0446 17.5613 112.564 30.1058 23.3308 12.1448 7.9877
internal_count=5634 2868 2766 1952 1127 825 543 708 521 495 1171 369 65 791 187 117 72 518 489 91 61 814 236 126 62 307 398 292 138 66
is_linear=0
shrinkage=0.05


Tree=47
num_leaves=31
num_cat=0
split_feature=13 16 17 0 15 18 0 10 5 4 12 8 16 11 2 15 1 2 8 0 3 0 0 11 1 2 1 18 2 0
split_gain=22.0421 11.3154 10.5347 10.9838 7.88246 6.22211 5.38025 4.92966 6.55242 6.37282 5.53328 5.01283 4.98128 5.83679 4.87867 4.82269 5.18535 5.81173 7.96954 4.53409 5.10452 11.3719 9.19781 7.49083 4.48698 4.43103 7.47201 4.53433 4.42652 7.1278
threshold=1.0000000180025095e-35 1.5000000000000002 1.0000000180025095e-35 -1.0048695095627596 1.5000000000000002 1.5000000000000002 1.5569209007974796 1.5000000000000002 1.0000000180025095e-35 1.0000000180025095e-35 1.5000000000000002 1.0000000180025095e-35 1.0000000180025095e-35 1.5000000000000002 2.1776778541909354 1.0000000180025095e-35 0.48822515514726633 0.96484032231940964 1.0000000180025095e-35 1.35360420156254 1.0000000180025095e-35 0.78431744370470902 0.98763414293964857 1.0000000180025095e-35 -1.1582001540758118 -0.90477922345093231 -0.63207432441480804 2.5000000000000004 2.307417184203731 0.62166408431675724
decision_type=2 2 2 2 2 2 2 2 2 2 2 2 2 2 2 2 2 2 2 2 2 2 2 2 2 2 2 2 2 2
left_child=2 28 7 4 -4 6 14 25 9 10 -9 -10 -13 -14 15 16 17 18 -3 20 -17 -22 -23 -24 -5 26 27 -1 29 -2
right_child=1 5 3 24 -6 -7 -8 8 11 -11 -12 12 13 -15 -16 19 -18 -19 -20 -21 21 22 23 -25 -26 -27 -28 -29 -30 -31
leaf_value=0.013846881885872657 0.0033608092591312561 0.082282954383002149 0.017431921689110216 -0.029622967020061782 0.039288929465880439 -0.040304233976801718 -0.03628076267714541 -0.023374717408671301 -0.020773836986975176 0.021663317116752987 -0.077359760193927582 0.034019195177301835 -0.060574706081463148 0.018223288145104734 0.035209983875201752 -0.033020012043163731 -0.054997340702254566 0.10597169117698568 -0.053529281199802062 -0.055526287538121437 -0.055381495080831768 0.11982789084003953 0.062068826772861602 -0.057164944496693348 0.010310985495562829 0.00040995450356595681 0.031284657541330897 -0.02894480824415881 0.043227055677191324 -0.014013960112599448
leaf_weight=14.917666912078857 348.20437955111265 2.0077376924455148 145.67692677676678 7.1430214494466773 57.543654464185238 24.357212122529745 15.051662832498549 15.013550300151115 14.125998467206953 5.0878547504544249 6.9408808164298526 15.58723296225071 3.7443260811269283 6.3113049156963825 7.448973447084426 10.908187158405784 1.6541294753551481 2.4140732139348984 2.3380877375602722 6.4753793440759173 3.9706075303256521 2.8723074272274953 2.9503550007939339 2.379766970872879 461.35238809511065 117.22299499809742 36.904012396931648 10.582003623247147 6.1260113939642897 71.076978769153357
leaf_count=37 1325 21 415 24 163 380 273 61 65 13 42 38 32 36 29 154 21 10 39 106 72 19 11 36 1350 362 96 32 16 356
internal_value=0.00603888 -0.00229304 0.0106691 0.0139131 0.0236209 -0.0189675 -0.0103732 0.00182686 -0.00976854 -0.0287573 -0.0404421 0.00314354 0.016319 -0.011118 -0.0017877 -0.00904581 0.0243518 0.0437684 0.00921492 -0.0185533 -0.0081806 0.0140778 0.0477015 0.00883391 0.00970212 0.0061397 0.0169028 -0.00391107 0.00103192 0.000415422
internal_weight=1428.39 510.236 918.154 671.716 203.221 84.8285 60.4713 246.438 66.8111 27.0423 21.9544 39.7689 25.6429 10.0556 45.4196 37.9706 8.41403 6.7599 4.34583 29.5566 23.0812 12.173 8.20243 5.33012 468.495 179.627 62.4037 25.4997 425.407 419.281
internal_count=5634 2868 2766 1952 578 1171 791 814 287 116 103 171 106 68 518 489 91 70 60 398 292 138 66 47 1374 527 165 69 1697 1681
is_linear=0
shrinkage=0.05


Tree=48
num_leaves=31
num_cat=0
split_feature=10 0 0 1 2 18 0 0 2 1 2 15 2 2 18 2 0 2 8 0 18 0 2 1 1 18 0 3 1 1
split_gain=20.64 11.966 10.067 9.12518 7.25171 7.13956 5.81931 9.76544 6.77798 5.75552 5.47639 5.47194 5.44843 10.0052 7.05296 7.14692 7.79234 16.3 9.28216 6.38236 6.23116 10.6657 12.158 9.62811 9.66877 12.7865 9.29846 7.89486 7.44054 13.168
threshold=1.0000000180025095e-35 1.0689608226336247 -1.0861961892567351 0.36872654399397814 0.96484032231940964 1.5000000000000002 1.312940861715552 1.5569209007974796 1.365197658728075 0.88987326485692841 -0.46823548966189871 1.5000000000000002 -0.98423769711583942 -0.97533940267804387 2.5000000000000004 -0.92693707515591184 0.82498078355169691 -0.41245087342100301 1.0000000180025095e-35 -0.80155281032781989 1.5000000000000002 0.41834738508181762 0.33089726414426818 -0.50261749566541292 -1.4469884643629241 1.0000000180025095e-35 -0.51690943139890444 1.0000000180025095e-35 -0.77895803395739116 -0.28021730268568262
decision_type=2 2 2 2 2 2 2 2 2 2 2 2 2 2 2 2 2 2 2 2 2 2 2 2 2 2 2 2 2 2
left_child=2 9 3 -1 10 -4 11 8 -8 12 -3 -6 -2 -14 15 -15 20 -18 -19 -16 21 22 23 24 25 26 -17 -25 -22 -30
right_child=1 4 5 -5 6 -7 7 -9 -10 -11 -12 -13 13 14 19 16 17 18 -20 -21 28 -23 -24 27 -26 -27 -28 -29 29 -31
leaf_value=0.012440834115304431 0.012377620761581542 0.054076640620548955 7.5355862964423702e-05 0.032840609207567428 0.0074771234287976038 0.010897027627489651 0.058071401293924407 -0.036473401554247449 0.001307624193377383 0.013266184801021694 -0.05400073084493389 -0.052266963363158649 -0.048743194928402317 0.031462279055936397 -0.0016610404293618303 0.073289093305831221 0.14428413371443286 0.082647760701012402 -0.023882116679607844 -0.028462991137579136 -0.031696549886929992 -0.052730817067945093 0.060867378567093247 -0.0090134466215878416 0.046242254944917592 -0.061440251406063628 -0.026600878822712667 -0.057657185431585184 0.055881231268833209 0.00033541282873440336
leaf_weight=184.59965744614601 57.167078766971827 1.2562492936849619 241.27469392493367 77.974270924925804 5.3521726354956636 413.82893526554108 6.4687675647437564 14.9185997210443 28.118537291884422 79.423186451196671 17.497950252145529 13.498798593878746 12.252223603427408 19.866530504077673 48.206233724951744 4.8949262388050556 2.7783415615558633 2.88791927695274 7.0037574805319309 41.192237857729197 9.8840854503214342 13.816882420331238 6.4300293065607539 20.21745482087136 11.257863856852053 7.6488850302994242 4.4456434920430166 14.199686374515293 14.67877424135804 39.067762598395348
leaf_count=504 155 18 869 242 30 1179 28 249 149 229 320 81 51 64 210 26 32 20 55 393 62 134 17 81 71 79 48 76 38 124
internal_value=0.00576094 -0.00236367 0.0102269 0.0184988 -0.0192192 0.00691141 -0.0116628 -0.00266056 0.011924 0.00115474 -0.0467612 -0.0353044 -0.00169208 -0.0045572 -0.00254073 0.00318519 -0.000343232 0.0372759 0.00721976 -0.0140106 -0.00359578 -0.0126281 -0.00460873 -0.0113273 0.0103063 -0.0135062 0.0257465 -0.0290827 0.00817343 0.0155056
internal_weight=1422.11 504.431 917.678 262.574 87.1111 655.104 68.3569 49.5059 34.5873 417.32 18.7542 18.851 337.896 280.729 268.477 179.079 159.212 12.67 9.89168 89.3985 146.542 82.9114 69.0945 62.6645 28.2473 16.9895 9.34057 34.4171 63.6306 53.7465
internal_count=5634 2840 2794 746 875 2048 537 426 177 1965 338 111 1736 1581 1530 927 863 107 75 603 756 532 398 381 224 153 74 157 224 162
is_linear=0
shrinkage=0.05


Tree=49
num_leaves=31
num_cat=0
split_feature=13 16 2 1 17 15 1 18 1 0 8 2 2 2 14 8 0 0 1 18 0 15 11 3 4 2 3 0 6 1
split_gain=18.9151 9.79426 9.78094 10.4245 8.73088 6.11067 6.02842 5.8853 5.86062 5.96311 9.87857 6.88241 6.20124 6.83233 6.08292 5.89532 8.57603 5.62903 5.16583 5.04957 4.78994 4.64547 4.57578 4.52995 4.70795 4.36801 4.31963 9.42652 8.46904 8.1849
threshold=1.0000000180025095e-35 1.5000000000000002 -0.95474149888685067 -0.29847403494521257 1.0000000180025095e-35 1.5000000000000002 -0.51257571326152018 1.5000000000000002 -1.1582001540758118 -0.27292939231697699 1.0000000180025095e-35 -0.016147204478444574 0.43464478595975037 0.50427119354832806 1.5000000000000002 1.0000000180025095e-35 0.82498078355169691 0.25569402569386596 0.11811140115861045 1.0000000180025095e-35 1.5569209007974796 1.5000000000000002 1.5000000000000002 1.0000000180025095e-35 1.0000000180025095e-35 2.1776778541909354 1.0000000180025095e-35 0.62166408431675724 1.0000000180025095e-35 0.29901902082122706
decision_type=2 2 2 2 2 2 2 2 2 2 2 2 2 2 2 2 2 2 2 2 2 2 2 2 2 2 2 2 2 2
left_child=2 26 3 5 -4 6 -1 20 -6 10 -10 17 19 -14 23 16 -16 18 -11 -13 25 -12 -23 24 -15 -3 27 -2 -28 -30
right_child=1 7 4 -5 8 -7 -8 -9 9 11 21 12 13 14 15 -17 -18 -19 -20 -21 -22 22 -24 -25 -26 -27 28 -29 29 -31
leaf_value=0.012071613461210612 0.010636544946675404 -0.0086438358303127048 -0.0014250330419346609 0.038838448747893259 -0.030834978373167295 0.048318137035235964 -0.027226782592255472 -0.03932178174330922 0.0068736048469146983 -0.057188243407880562 0.016432629656170938 -0.0089298490054903843 -0.043681344495208024 -0.017350230969545223 -0.05811163165438632 0.015386735541565531 0.01274587642739336 0.012754868663371541 -0.0062627692862705728 0.027215182653840504 -0.034970508198653598 0.041245780738921781 0.014494211417545392 -0.034602345309755221 0.035855433142631232 0.033084800969927226 0.0014758712443232458 -0.017117247958478052 -0.037906429498611907 0.0026160295362024251
leaf_weight=56.182439655065536 176.42302045971155 37.319646894931793 197.29261894524097 55.644649088382721 8.3490452617406827 9.3689523637294752 11.810141697525976 23.285942822694778 151.69818031042814 10.152910437434917 82.688268102705479 11.595900341868399 7.3828597702085963 10.735582139343025 7.1588886901736286 101.83157761022449 10.583001568913458 10.696316510438917 9.7734383940696699 57.9587039090693 14.179383814334868 54.990210629999638 22.535493306815624 14.392339419573547 6.7857411354780188 7.5379599779844275 158.40681817382574 37.013506203889847 31.309184361249208 20.699964419007301
leaf_count=144 642 489 684 182 28 22 37 380 420 43 227 41 26 43 28 304 37 35 29 146 273 142 65 64 19 29 597 191 196 71
internal_value=0.00549393 -0.0022534 0.00980514 0.0223336 0.00765944 0.0104619 0.00524558 -0.018035 0.0107533 0.0113614 0.0160181 0.00575444 0.00873845 0.0032874 0.00557646 0.0107526 -0.0158453 -0.0165043 -0.0322104 0.0211892 -0.00963893 0.0246766 0.0334695 -0.0138175 0.00325551 -0.00163167 0.000811798 0.00582357 -0.00427192 -0.0217782
internal_weight=1415.78 506.175 909.607 133.006 776.601 77.3615 67.9926 82.3229 579.308 570.959 311.912 259.047 228.425 158.87 151.487 119.573 17.7419 30.6227 19.9263 69.5546 59.037 160.214 77.5257 31.9137 17.5213 44.8576 423.852 213.437 210.416 52.0091
internal_count=5634 2868 2766 385 2381 203 181 1171 1697 1669 854 815 708 521 495 369 65 107 72 187 791 434 207 126 62 518 1697 833 864 267
is_linear=0
shrinkage=0.05


Tree=50
num_leaves=31
num_cat=0
split_feature=10 0 2 1 2 17 0 0 2 0 18 3 16 14 0 2 2 2 8 15 9 1 16 1 1 1 3 1 1 1
split_gain=17.5718 10.5175 8.80501 11.3539 6.95358 5.77822 5.39397 8.72594 6.04113 5.30296 15.7967 9.00779 8.91985 7.90628 5.41611 5.23455 5.17953 7.92996 6.63714 5.12801 5.12235 16.1555 5.34726 6.48488 4.98723 4.79553 4.71092 5.18679 8.11032 4.77478
threshold=1.0000000180025095e-35 1.0689608226336247 -0.46823548966189871 0.82016574168417733 0.96484032231940964 1.0000000180025095e-35 1.312940861715552 1.5569209007974796 1.365197658728075 0.82498078355169691 1.0000000180025095e-35 1.0000000180025095e-35 1.0000000180025095e-35 1.5000000000000002 1.0282974827866365 -0.46823548966189871 -0.9634200823508734 -0.97781115113298711 1.5000000000000002 1.5000000000000002 1.0000000180025095e-35 -0.98227164321124916 1.5000000000000002 -0.13250374167675719 -1.4934601464780917 1.1072943490386049 1.0000000180025095e-35 0.68407010120404355 -1.485161631814669 1.0641420727888067
decision_type=2 2 2 2 2 2 2 2 2 2 2 2 2 2 2 2 2 2 2 2 2 2 2 2 2 2 2 2 2 2
left_child=2 9 3 16 15 20 19 8 -8 12 -11 14 25 -13 -12 -3 17 -1 -18 -6 21 -4 -23 -24 -14 -2 27 28 -26 -28
right_child=1 4 5 -5 6 -7 7 -9 -10 10 11 13 24 -15 -16 -17 18 -19 -20 -21 -22 22 23 -25 26 -27 29 -29 -30 -31
leaf_value=0.004599976161764675 0.001451411549219729 0.050694392922817459 0.095159088436957001 0.034888664540511982 0.0073243360396367217 0.0072864693860795297 0.054245658297051406 -0.035304796885529587 0.0011221504801516423 0.064511254452598352 -0.072696977437731652 0.066426676666655957 -0.053446541935745086 -0.026172588205159844 0.010489936189598254 -0.053770932583517755 0.0033065987361500428 0.032150197379957023 0.020035352652809476 -0.050752240757424287 0.00015153520614393114 -0.053092868088411106 0.06982426705905527 -0.054268308690219563 0.084838557839301137 0.023243528388683703 -0.015910728694362816 0.025645149885193532 -0.019996730338405169 -0.064072986018871902
leaf_weight=44.798681810498238 271.09257889539003 1.2935129441320921 2.4390070438385036 58.028027795255184 5.3464403375983247 351.52881617471576 6.6094693616032592 14.187986530363558 28.120252400636673 12.413995251059534 5.8701745085418224 5.2164451442658901 7.6177037209272376 4.1303186491131783 2.9349603280425072 16.438613630831242 217.6416999399662 62.641600452363491 81.492495559155941 13.148416548967361 69.160841580480337 17.129366137087349 2.17541229352355 2.0401714183390132 1.9945695102214838 27.837442114949226 31.324487663805485 13.811882618814705 24.578614063560963 6.1577410623431197
leaf_count=121 863 18 7 172 30 1080 28 249 149 58 49 41 136 18 17 320 623 192 233 81 220 94 21 31 29 71 334 46 277 26
internal_value=0.00524479 -0.00228274 0.00938604 0.0141991 -0.0182902 0.00435506 -0.0109618 -0.00226531 0.0112322 0.00100163 0.0210462 -0.00867934 -0.000592174 0.0255072 -0.0449688 -0.0461505 0.0112461 0.0206628 0.00786398 -0.0339636 -0.00673188 -0.026748 -0.0406779 0.0097685 -0.0148347 0.00348077 -0.0110574 0.000790695 -0.0121278 -0.023823
internal_weight=1409.2 500.126 909.076 464.603 85.1447 444.474 67.4126 48.9177 34.7297 414.981 30.5659 18.1519 384.415 9.34676 8.80513 17.7321 406.574 107.44 299.134 18.4949 92.9448 23.784 21.3449 4.21558 85.485 298.93 77.8673 40.3851 26.5732 37.4822
internal_count=5634 2840 2794 1341 875 1453 537 426 177 1965 183 125 1782 59 66 338 1169 313 856 111 373 153 146 52 848 934 712 352 306 360
is_linear=0
shrinkage=0.05


Tree=51
num_leaves=31
num_cat=0
split_feature=13 18 18 16 1 1 3 1 3 4 2 14 8 4 15 0 1 18 1 12 10 3 12 10 1 2 10 18 1 2
split_gain=16.0807 8.65017 9.02271 8.46719 7.84084 8.61925 6.9421 7.19408 6.01892 5.93877 5.90364 9.39239 10.8147 11.984 8.76615 5.82504 6.41823 5.58506 5.16959 5.04171 6.87913 5.92994 4.96894 9.43014 6.88314 6.16202 5.9672 7.23802 5.52164 8.01253
threshold=1.0000000180025095e-35 1.5000000000000002 2.5000000000000004 1.5000000000000002 1.3894438475949793 1.3562497889412881 1.0000000180025095e-35 -0.50261749566541292 1.0000000180025095e-35 1.0000000180025095e-35 -0.57881602276171273 1.5000000000000002 1.5000000000000002 1.0000000180025095e-35 1.5000000000000002 -1.2081862087976989 -0.63207432441480804 1.5000000000000002 1.2301123660572622 1.5000000000000002 1.5000000000000002 1.0000000180025095e-35 1.5000000000000002 1.5000000000000002 0.85833890913592181 1.112639894376324 1.5000000000000002 1.0000000180025095e-35 0.83842247394370728 0.37511409761602971
decision_type=2 2 2 2 2 2 2 2 2 2 2 2 2 2 2 2 2 2 2 2 2 2 2 2 2 2 2 2 2 2
left_child=1 4 6 -2 5 8 10 -8 -1 15 14 12 -12 -14 -3 16 -4 -5 22 -17 -21 -22 23 28 -25 26 27 -24 29 -10
right_child=3 2 9 17 -6 -7 7 -9 18 -11 11 -13 13 -15 -16 19 -18 -19 -20 20 21 -23 25 24 -26 -27 -28 -29 -30 -31
leaf_value=0.0092378686627944996 0.00066478997740062316 0.0079138354412371693 -0.017865718759586032 -0.0088684325374372031 -0.04526132750024469 0.059693851225243511 0.041671454875850146 0.017687022658781509 0.0061718808504690505 0.027660416437651287 -0.049682829485166058 0.011693752653887887 -0.025473335964928574 0.04550498863708561 0.03705786284077886 -0.021030482847841765 0.024708348736562986 -0.038318567405620313 0.031913052447386361 0.027105852629343449 0.010892019163952146 -0.077821734285476507 -0.0036569423658121868 -0.063282354389865 0.0037256003682388478 -0.070408662143044518 0.018416557935153826 -0.063291191031742619 0.034891893685455332 -0.051234792965062725
leaf_weight=133.28955316543579 422.24653406441212 82.686017632484436 12.86733455955982 57.892074674367905 8.6201434805989248 6.5824009925127021 36.511799827218056 217.56142596900463 49.567460745573044 17.585768043994904 16.28088342025876 75.423242770135403 14.9535276517272 9.8735394775867462 37.505085945129395 49.661963563412428 28.371610090136528 22.300052370876074 8.4623675346374494 14.977233871817591 3.9489388763904563 3.6017701327800751 11.597955793142319 9.6241247393190843 6.3683806359767905 5.9888609945774069 9.2960111647844332 9.065417543053627 13.344880327582358 6.9278922677040091
leaf_count=431 1697 245 38 791 38 14 85 620 141 44 59 212 49 22 107 174 79 380 26 40 16 25 40 56 20 42 41 40 33 29
internal_value=0.00500264 0.00900103 0.012282 -0.00216387 0.00168185 0.00317994 0.0153938 0.0211337 0.00176836 0.000624607 0.00923319 0.00121409 -0.0180136 0.00275421 0.0170081 -0.00356697 0.0114244 -0.017058 -0.00587584 -0.0121309 0.00748788 -0.0314254 -0.00850173 -0.00196554 -0.0365991 -0.024108 -0.0148526 -0.0298196 0.00596509 -0.000867765
internal_weight=1402.98 900.546 621.81 502.439 278.735 270.115 490.796 254.073 263.533 131.015 236.722 116.531 41.108 24.8271 120.191 113.429 41.2389 80.1921 130.243 72.1899 22.5279 7.55071 121.781 85.8327 15.9925 35.9482 29.9594 20.6634 69.8402 56.4954
internal_count=5634 2766 1815 2868 951 913 1399 705 899 416 694 342 130 71 352 372 117 1171 468 255 81 41 442 279 76 163 121 80 203 170
is_linear=0
shrinkage=0.05


Tree=52
num_leaves=31
num_cat=0
split_feature=10 0 0 1 18 13 11 2 2 1 1 1 1 16 2 1 0 0 18 0 0 7 0 15 0 2 8 16 1 1
split_gain=14.8256 9.59166 7.81145 8.51307 5.77945 4.06892 5.0841 4.28489 4.04797 9.0997 8.0585 7.27141 11.1305 8.43438 10.611 7.15802 9.77146 4.9582 8.55962 7.00495 9.21651 10.2164 5.2165 6.33265 4.96551 10.0744 7.43757 5.68353 5.44505 6.72321
threshold=1.0000000180025095e-35 1.5569209007974796 -1.0861961892567351 0.36872654399397814 1.5000000000000002 1.5000000000000002 1.5000000000000002 -0.8644183175688821 -0.99094986736459634 -1.4884810376800381 -1.4586063848917161 -1.4884810376800381 -1.4934601464780917 1.0000000180025095e-35 -0.95169850190009841 -1.4918004435454073 -1.0861961892567351 -0.27292939231697699 2.5000000000000004 0.17436734599989009 0.33702070538784179 1.0000000180025095e-35 1.0000000180025095e-35 1.5000000000000002 -0.47624609155191661 -0.47615607026640555 1.0000000180025095e-35 1.0000000180025095e-35 0.96621959976041782 -1.3457465854691664
decision_type=2 2 2 2 2 2 2 2 2 2 2 2 2 2 2 2 2 2 2 2 2 2 2 2 2 2 2 2 2 2
left_child=2 8 3 5 -4 6 7 -1 9 -2 11 12 13 14 -10 -14 -17 24 19 22 -21 -22 -19 -24 27 -26 -27 28 29 -12
right_child=1 -3 4 -5 -6 -7 -8 -9 10 -11 17 -13 15 -15 -16 16 -18 18 -20 20 21 -23 23 -25 25 26 -28 -29 -30 -31
leaf_value=0.014013675913684041 -0.007661955805900825 -0.038399183341732514 -0.00047299837734970576 0.030412214771252413 0.0093064852017546874 -0.010872213829501286 -0.011385161099797382 0.051614485985237116 -0.053145144246833323 0.041962681682002401 0.043569059535451343 -0.026918713947302154 0.10870129340635429 -0.053247740393495308 0.024146642736423609 0.081765361348449334 -0.030335037963722295 -0.0080649402234270664 -0.033321916441370621 0.04303014685499932 -0.050074077969185726 0.0041831565185065731 -0.0088993017381536615 -0.091453145036485578 0.082255501878333345 -0.024538788217022021 0.038301638006277047 -0.039773896673753265 0.035518892921889679 -0.0014578290789034878
leaf_weight=132.11472184211016 20.227399550378323 17.615265913307667 239.81349284574389 73.274913258850574 408.28120446577668 20.336262464523315 19.010160878300667 8.0377611964941007 6.1497998088598278 17.00330788642168 9.1292869448661786 54.759171672165394 3.0772811807692051 9.7034485973417741 15.975738175213339 3.4611102640628815 4.4347494430839998 20.639603998512033 21.750099666416645 13.989641282707451 9.3346903547644597 122.95813556388021 4.3385411240160447 5.0003950707614422 6.4878418073058155 8.5400615185499191 10.49521217867732 6.9339393265545359 14.460375964641569 90.215512558817863
leaf_count=374 57 349 869 242 1179 57 56 17 26 40 25 427 16 185 62 8 51 79 201 51 84 637 35 24 38 39 35 78 38 255
internal_value=0.00477166 -0.00216396 0.00859551 0.0160507 0.0056878 0.0101881 0.0128789 0.0161701 -0.000831584 0.0150017 -0.00216576 -0.0148505 0.000589149 -0.0143818 0.00266337 0.0440143 0.0188036 0.00142887 -0.00372818 -7.63957e-05 0.00443596 0.000354722 -0.0220948 -0.0531015 0.00841054 0.028448 0.0101087 0.00417481 0.00685252 0.00267992
internal_weight=1397.55 496.681 900.869 252.774 648.095 179.499 159.163 140.152 479.065 37.2307 441.835 97.5613 42.8021 31.829 22.1255 10.9731 7.89586 344.273 198.011 176.261 146.282 132.293 29.9785 9.33894 146.262 25.5231 19.0353 120.739 113.805 99.3448
internal_count=5634 2840 2794 746 2048 504 447 391 2491 97 2394 775 348 273 88 75 59 1619 1111 910 772 721 138 59 508 112 74 396 318 280
is_linear=0
shrinkage=0.05


Tree=53
num_leaves=31
num_cat=0
split_feature=17 18 1 16 0 1 0 0 1 18 6 1 3 2 2 1 8 11 1 1 0 2 1 2 12 0 1 13 2 1
split_gain=14.0939 13.9181 8.71718 8.13939 7.44514 8.47927 7.42333 7.10378 5.97625 5.65189 6.94268 5.23391 5.15234 7.43305 10.5639 5.57283 5.26015 5.07977 5.71934 5.46274 5.11968 8.97031 4.73576 8.79384 6.85761 8.4872 6.54258 5.12655 5.00282 14.1932
threshold=1.0000000180025095e-35 1.5000000000000002 -1.4801825230166152 1.5000000000000002 0.62166408431675724 1.0160106877409547 -1.2488495486446869 1.5975842406444676 1.1803212780767256 2.5000000000000004 1.0000000180025095e-35 -1.5083974728722527 1.0000000180025095e-35 -0.93766995622470961 -0.9196536563753458 0.93136583817404228 1.0000000180025095e-35 1.0000000180025095e-35 0.47494753168578974 -0.34992482585843382 -0.59823611109288033 0.018292490660430469 1.1935989015382023 -0.301716542639548 1.0000000180025095e-35 1.272277521868564 0.17454130086988542 1.5000000000000002 -0.61444215715896056 -0.51257571326152018
decision_type=2 2 2 2 2 2 2 2 2 2 2 2 2 2 2 2 2 2 2 2 2 2 2 2 2 2 2 2 2 2
left_child=3 2 -2 11 5 6 -3 22 -7 -6 -11 -1 13 -8 -15 -14 17 20 19 -19 -16 -22 23 26 25 27 28 -25 29 -4
right_child=1 4 7 -5 9 8 12 -9 -10 10 -12 -13 15 14 16 -17 -18 18 -20 -21 21 -23 -24 24 -26 -27 -28 -29 -30 -31
leaf_value=-0.042950476991667381 -0.067284479117566617 0.025549942319522817 0.0096593234054019317 -0.023099754516019422 0.0035267178871207861 0.043760837764248023 -0.033386167594223082 -0.04345199030627301 0.01646371012880353 -0.071149621912466945 0.0209385718791214 0.00029903069524546248 0.017468105230219359 0.054883463838171956 0.011270930591100214 -0.015670548407236733 0.01070194350360138 -0.015694194547265432 0.0022443493014614505 -0.087018309051626067 -0.066637477645173887 0.013389961142034106 0.013282928351388027 0.0010258073578956882 -0.023198736149957398 0.043674982782467238 0.022697042964190048 -0.033482177440868392 0.017856108211109604 -0.053841325583416422
leaf_weight=7.1161062829196444 4.7886251807212821 83.401649162173271 25.003112252801657 43.749252060428262 83.741572424769402 39.275443971157074 13.103952161967753 8.8601972889155132 40.963882721960545 5.7433229163289052 3.179947704076767 411.94610834494233 164.92636421322823 10.252741575241087 33.17626216262579 13.743840672075747 84.226471852511168 5.0144238919019708 7.8346994966268531 5.7779588103294381 6.6901726499199849 7.3470635116100311 70.988913461565971 47.633460238575935 57.091613922268152 9.6444050110876542 48.52516333386302 13.90456850081682 20.542424693703651 13.578405387699602
leaf_count=38 58 251 96 728 295 99 46 137 114 53 31 1546 490 27 91 44 252 37 22 29 27 20 226 149 320 50 131 85 91 51
internal_value=0.00455066 0.00810211 -0.000329298 -0.00257784 0.0125445 0.0148891 0.0121371 0.000686065 0.0298251 -0.00050417 -0.0383325 -0.00043539 0.00896001 0.00282077 0.00578019 0.014919 0.0024254 -0.00816235 -0.0302732 -0.0538793 0.000561026 -0.0247513 0.00196028 -0.00144669 -0.0102899 6.35936e-05 0.00909083 -0.0067713 -0.00207629 -0.0126891
internal_weight=1391.77 928.961 320.561 462.811 608.4 515.735 435.496 315.772 80.2393 92.6648 8.92327 419.062 352.094 173.424 160.32 178.67 150.067 65.8406 18.6271 10.7924 47.2135 14.0372 306.912 235.923 128.274 71.1824 107.649 61.538 59.1239 38.5815
internal_count=5634 3322 1394 2312 1928 1549 1336 1336 213 379 84 1584 1085 551 505 534 478 226 88 66 138 47 1199 973 604 284 369 234 238 147
is_linear=0
shrinkage=0.05


Tree=54
num_leaves=31
num_cat=0
split_feature=17 18 1 16 0 1 0 0 1 18 6 0 2 2 2 13 1 15 2 3 0 0 0 1 1 1 10 8 3 2
split_gain=12.8014 12.6706 8.27121 7.50256 6.80257 7.86531 6.89324 6.59377 5.66198 5.19927 6.55948 5.19325 5.11284 10.6383 14.8434 6.23136 6.13411 5.33833 6.78213 12.3727 6.13242 11.8714 4.95829 4.79028 4.73802 5.664 8.55168 6.56865 4.6606 6.68856
threshold=1.0000000180025095e-35 1.5000000000000002 -1.3175316356135289 1.5000000000000002 0.62166408431675724 1.0160106877409547 -1.2488495486446869 1.5975842406444676 1.1803212780767256 2.5000000000000004 1.0000000180025095e-35 -1.1675228689507111 -0.36614678569840053 0.96484032231940964 0.81713962020069308 1.0000000180025095e-35 0.68407010120404355 1.5000000000000002 1.910674093313627 1.0000000180025095e-35 1.312940861715552 1.0689608226336247 -0.55757277124589233 -1.5083974728722527 1.1604048428845111 0.813526929953439 1.0000000180025095e-35 1.0000000180025095e-35 1.0000000180025095e-35 -0.9408667508931029
decision_type=2 2 2 2 2 2 2 2 2 2 2 2 2 2 2 2 2 2 2 2 2 2 2 2 2 2 2 2 2 2
left_child=3 2 11 23 5 6 -3 12 -7 -6 -11 -2 16 14 15 -14 22 -15 20 -20 21 -19 -4 -1 25 26 27 -17 29 -8
right_child=1 4 7 -5 9 8 28 -9 -10 10 -12 -13 13 17 -16 24 -18 18 19 -21 -22 -23 -24 -25 -26 -27 -28 -29 -30 -31
leaf_value=-0.04136304626595215 0.014115023176256304 0.024630072637269199 0.00053742729982430573 -0.022350645466852191 0.0033500571626512601 0.042505214571071995 -0.035962619819149846 -0.042427715087377103 0.015745464942975552 -0.070094936804295543 0.019650179857265457 -0.059318258820004854 0.00052822353977072755 -0.018877954925365502 -0.076393163139892473 0.052999483644079304 0.040491271482336194 0.031005591750446027 -0.046631019656921485 0.02259413524090358 0.063582976491143126 -0.038101372412340885 0.033788944050789964 0.00028407677457998102 0.010631781487966997 -0.08204169490354711 -0.060965528954159631 -0.031117239797050285 0.014220336665845906 0.0051974017299166999
leaf_weight=7.0221748054027548 3.255799561738967 82.221279725432396 63.361117046326399 42.974839618429542 83.749475549906492 38.435481168329716 10.509707048535345 8.3829007372260076 40.697816535830498 5.543331837281583 3.2180102355778217 9.2422506026923639 76.790302999317646 12.91858636587858 8.3016263768076879 4.4649727419018834 15.947977960109709 34.189418181777 10.572505161166193 16.572684854269028 9.1771092563867551 7.5948439575731745 13.621273189783095 411.94929136708379 6.6464482545852652 5.4070336706936351 8.1149256341159326 4.8331021964550018 178.09892112761736 162.18047460913658
leaf_count=38 9 251 187 728 295 99 38 132 114 53 31 127 242 80 55 20 43 88 55 55 52 43 50 1546 18 27 84 27 534 513
internal_value=0.00434152 0.00773907 -0.000316781 -0.00245472 0.0119944 0.0142484 0.0115995 0.00130696 0.0287428 -0.00048383 -0.0371319 -0.0401886 0.00253512 -0.00186438 -0.012003 -0.00697234 0.0122678 0.0108954 0.0158199 -0.00436767 0.026573 0.0184445 0.00642095 -0.00041395 -0.026519 -0.0373393 -0.0234585 0.00927595 0.00854527 0.00269245
internal_weight=1386 924.049 319.395 461.946 604.654 512.144 433.01 306.897 79.1333 92.5108 8.76134 12.4981 298.514 205.584 114.558 106.257 92.9304 91.0251 78.1066 27.1452 50.9614 41.7843 76.9824 418.971 29.4665 22.82 17.413 9.29807 350.789 172.69
internal_count=5634 3322 1394 2312 1928 1549 1336 1258 213 379 84 136 1126 846 473 418 280 373 293 110 183 131 237 1584 176 158 131 47 1085 551
is_linear=0
shrinkage=0.05


Tree=55
num_leaves=31
num_cat=0
split_feature=13 2 1 0 2 0 8 0 2 7 4 2 2 11 3 0 3 0 2 2 17 11 3 0 2 2 2 17 10 1
split_gain=11.8255 7.50515 9.18185 6.80644 10.5944 6.54836 6.19492 6.45923 9.33347 18.4868 7.61201 6.61353 6.68117 5.8886 10.3708 5.85516 5.63668 8.33529 5.38767 10.8892 5.34524 5.21793 5.15383 11.171 23.8457 6.81639 8.02064 5.97893 5.69787 12.0435
threshold=1.0000000180025095e-35 -0.94853466387777108 0.049233729452201579 0.98763414293964857 0.96484032231940964 1.312940861715552 1.0000000180025095e-35 -0.19160271262300119 0.11592106185634223 1.0000000180025095e-35 1.0000000180025095e-35 0.35512039900271147 0.52537443257919858 1.5000000000000002 1.0000000180025095e-35 1.5569209007974796 1.0000000180025095e-35 1.5162575609504916 1.8313364606842952 1.7132857544762081 1.0000000180025095e-35 1.5000000000000002 1.0000000180025095e-35 0.82498078355169691 0.43464478595975037 -0.99094986736459634 -0.99081804078033253 1.0000000180025095e-35 1.5000000000000002 -0.33000839066621923
decision_type=2 2 2 2 2 2 2 2 2 2 2 2 2 2 2 2 2 2 2 2 2 2 2 2 2 2 2 2 2 2
left_child=1 2 -1 22 -5 18 -3 10 9 13 20 -10 -13 14 -9 16 17 21 19 -6 -8 -7 -2 25 -25 -24 -27 -28 -29 -30
right_child=3 6 -4 4 5 15 7 8 11 -11 -12 12 -14 -15 -16 -17 -18 -19 -20 -21 -22 -23 23 24 -26 26 27 28 29 -31
leaf_value=0.0085486373133829754 0.0063686478566191019 -3.1517433946807168e-05 0.035789057254847489 -0.047394109794513681 -0.036160701413872495 0.01326155079642995 -0.0065497629635657521 0.021058284732589153 0.026141608907616399 -0.075617928562066825 0.030674604901561132 -0.024538313675608801 0.0069036751198650638 0.027236497199338516 -0.076846433934260119 -0.022345760205080348 0.028737106283460507 0.0442188931666333 -0.058862555718342459 0.067583722438884636 0.015076770925573277 -0.065422362168173029 0.017936705895901638 0.139066734410459 -0.010712057838287846 -0.098600785932456442 -0.021008539518017396 0.0044486537017203445 0.052423526812234333 -0.050285577899702255
leaf_weight=84.325076699256897 203.89606118947268 292.01188454777002 48.85784574598074 19.093580760061741 9.373587420210244 3.2159768193960172 37.985332690179348 6.0339516773819923 39.433644343167543 10.52425082027912 60.401464305818081 18.982241600751877 153.69552291557193 12.685157038271427 4.9025113731622696 15.376490302383898 24.267848152667284 4.5564777851104727 8.8562552779912931 3.4640492945909491 115.28780625760555 6.1102787144482136 22.36644383892417 4.1284874714910966 7.4574270062148571 2.6007804013788691 70.355812825262547 73.359718672931194 3.6503313817083862 13.085312116891144
leaf_count=226 956 911 179 377 75 13 123 19 110 52 164 66 520 38 27 251 102 26 45 8 331 50 58 28 34 12 463 284 13 73
internal_value=0.00414014 0.00760177 0.0185417 -0.00204703 -0.0141325 -0.00568955 0.00566411 0.00928028 0.00376083 -0.0205002 0.0156414 0.0076664 0.0034473 0.0040566 -0.0228297 0.00370225 0.0142008 -0.0112094 -0.0288627 -0.00816678 0.00971712 -0.0382898 0.000796144 -0.0049713 0.0426596 -0.00794753 -0.0114982 -0.0100863 -0.0015571 -0.027883
internal_weight=1380.34 885.127 133.183 495.215 94.3145 75.221 751.944 459.932 246.257 34.1459 213.675 212.111 172.678 23.6216 10.9365 53.5271 38.1506 13.8827 21.6939 12.8376 153.273 9.32626 400.9 197.004 11.5859 185.418 163.052 160.451 90.0954 16.7356
internal_count=5634 2766 405 2868 947 570 2361 1450 832 136 618 696 586 84 46 442 191 89 128 83 454 63 1921 965 62 903 845 833 370 86
is_linear=0
shrinkage=0.05


Tree=56
num_leaves=31
num_cat=0
split_feature=10 0 0 1 18 1 12 3 2 17 5 2 2 0 2 18 1 2 2 2 2 11 0 2 2 0 2 18 4 2
split_gain=10.9246 7.90434 6.4164 7.76613 4.36463 3.53497 8.19461 5.18064 6.83018 5.06604 6.06818 4.52301 3.81629 6.47344 4.55427 5.61454 6.22042 3.65844 7.88467 7.01457 7.07446 5.39992 4.91764 4.79337 3.5947 3.55009 3.42207 10.8022 5.76715 6.55046
threshold=1.0000000180025095e-35 1.5569209007974796 -1.0861961892567351 0.36872654399397814 1.5000000000000002 1.2151750396631011 1.5000000000000002 1.0000000180025095e-35 1.910674093313627 1.0000000180025095e-35 1.0000000180025095e-35 -0.36614678569840053 -0.016147204478444574 0.29635736554085385 0.69022357620087649 1.0000000180025095e-35 0.68407010120404355 0.37511409761602971 0.91137365685181615 1.0000000180025095e-35 -0.18709332762231576 1.5000000000000002 0.86564412339868479 -0.74643352465292701 2.1255624112120439 0.62166408431675724 -0.98423769711583942 2.5000000000000004 1.0000000180025095e-35 0.52537443257919858
decision_type=2 2 2 2 2 2 2 2 2 2 2 2 2 2 2 2 2 2 2 2 2 2 2 2 2 2 2 2 2 2
left_child=2 26 3 -1 5 6 17 8 -7 10 -8 -11 -13 -14 -15 16 -16 19 21 20 23 -19 -20 -4 25 -9 -2 -28 29 -29
right_child=1 -3 4 -5 -6 7 9 24 -10 11 -12 12 13 14 15 -17 -18 18 22 -21 -22 -23 -24 -25 -26 -27 27 28 -30 -31
leaf_value=0.0085399552138137394 0.010658120008439971 -0.036568918578803337 -0.018919558344724571 0.028293055794612273 0.0077983648737128325 0.016310312381514615 -0.012209105553593896 0.035973476889029486 -0.047659154261431885 0.016439614653013756 -0.071434689812244004 -0.047598751488931008 0.025368923284825651 -0.073423110063497235 0.051645542555229365 -0.046007375957766355 -0.026651851577174809 -0.011218333342423496 0.046109210418569052 0.033863391136704661 -0.045181452679334655 -0.072190186024294486 -0.0088917487244147015 0.013734564963105839 0.051332150784729094 -0.014609159884359383 0.0022339048286183581 -0.015683535974474347 0.031473869556260275 -0.066556609590890131
leaf_weight=175.5100083053112 56.557914711534977 16.042633248493075 14.333769425749777 69.44892580807209 403.03368492051959 11.053667418658735 8.9698678217828274 7.2085002511739749 6.7033075392246237 12.668238416314123 8.3519213758409023 8.489201605319975 9.2170699238777178 3.91930899396539 4.8268343284726161 7.7417965643107882 5.3464134819805622 8.4831795841455477 6.6503170430660274 21.745937634259462 7.2978927865624419 6.3492502607405177 10.450135778635739 52.041940324008465 9.6707732528448087 6.6862534955143929 311.19136588647962 92.501223476603627 5.960413370281457 6.7921742908656588
leaf_count=504 155 349 44 242 1179 32 47 17 39 35 64 31 24 26 20 42 24 32 15 63 30 34 49 149 28 24 1593 654 20 69
internal_value=0.00394615 -0.00205278 0.00725664 0.0141402 0.00462705 -0.000738672 -0.00352913 0.0125566 -0.00783834 -0.0173344 -0.0407655 -0.00956049 -0.0178905 -0.00976856 -0.0246014 -0.0139205 0.0104974 0.00400814 -0.0106411 0.00891061 0.0015454 -0.0373183 0.012498 0.00668294 0.0279245 0.0116328 -0.000882109 -0.0024494 -0.016296 -0.0191635
internal_weight=1375.24 489.046 886.198 244.959 641.239 238.206 196.883 41.3225 17.757 69.5307 17.3218 52.2089 39.5406 31.0514 21.8344 17.915 10.1732 127.352 31.9329 95.4195 73.6736 14.8324 17.1005 66.3757 23.5655 13.8948 473.003 416.445 105.254 99.2934
internal_count=5634 2840 2794 746 2048 869 729 140 71 313 111 202 167 136 112 86 44 416 130 286 223 66 64 193 69 41 2491 2336 743 723
is_linear=0
shrinkage=0.05


Tree=57
num_leaves=31
num_cat=0
split_feature=17 18 1 16 11 8 2 6 15 2 0 2 1 0 2 2 2 9 2 5 2 1 5 1 1 1 18 1 2 5
split_gain=10.4795 10.5712 7.8896 6.32751 6.02285 6.0546 8.5365 7.02881 6.04116 8.20053 5.8234 5.60302 5.43042 5.35388 4.90804 5.71126 4.65454 10.3559 7.36315 4.63946 12.9895 4.36855 4.30338 4.21193 4.28965 8.77764 4.19152 4.18113 8.76984 4.03125
threshold=1.0000000180025095e-35 1.5000000000000002 -1.4801825230166152 1.5000000000000002 1.5000000000000002 1.0000000180025095e-35 0.11592106185634223 1.0000000180025095e-35 1.5000000000000002 1.9737421283350887 1.5975842406444676 1.1547255314024898 1.0093718760102164 -1.2488495486446869 0.91137365685181615 0.056950636495742051 -0.93766995622470961 1.0000000180025095e-35 -0.91645686170695273 1.0000000180025095e-35 1.1547255314024898 -1.5083974728722527 1.0000000180025095e-35 0.99775395548142443 0.65419544841572186 0.37868476159008563 2.5000000000000004 0.72722237745384211 1.4208614339333956 1.0000000180025095e-35
decision_type=2 2 2 2 2 2 2 2 2 2 2 2 2 2 2 2 2 2 2 2 2 2 2 2 2 2 2 2 2 2
left_child=3 2 -2 21 12 6 23 11 -9 -10 -4 14 13 -3 15 -7 17 -15 -18 -14 -21 -1 -13 24 25 -6 -5 -8 -29 -20
right_child=1 4 10 26 5 7 27 8 9 -11 -12 22 19 16 -16 -17 18 -19 29 20 -22 -23 -24 -25 -26 -27 -28 28 -30 -31
leaf_value=-0.040020010070752676 -0.066909962750015234 0.023655296885179963 0.0015186784409100713 -0.012991005323091932 -0.012941362831197673 0.029514767349770061 -0.010782656815275902 0.013835813759665132 -0.065021965977466595 0.017262577311153215 -0.04157205230722695 -0.030873024148221941 0.040928229257024266 0.016404423990637296 0.057422359599880901 -0.0014593167780690833 0.040965454247025863 -0.04971877676010264 0.0028519525290738126 0.0320085506788002 -0.044127354558818367 0.00010978553636464223 0.010076493011234266 0.039883060833935717 -0.035576863336510306 0.048614655592635475 -0.052450209154585009 -0.10825745666996292 -0.012898114150230995 0.016375892073162975
leaf_weight=6.8959254622459403 4.4145768173038951 73.859126918017864 303.31077496148646 33.009350415319204 19.992027219384912 39.460356846451759 6.9812309704721001 10.330619156360626 8.8856074549257738 4.5931084733456382 8.0486472398042661 9.4942249543964881 32.197346895933151 13.539415031671526 8.9324548281729204 23.894155785441399 18.387234095484018 10.523865576833485 142.11606026999652 23.391481094062332 7.3663522787392131 409.67208675667644 19.787267364561558 6.2489702403545371 8.5345263257622701 8.1531037390232068 8.4535038322210294 4.9259061776101571 4.7225553467869759 89.997587202116847
leaf_count=38 58 232 1199 516 68 114 37 31 44 16 137 35 85 36 22 75 54 45 464 62 30 1546 72 16 29 19 212 23 18 301
internal_value=0.00376208 0.00686085 -0.00053629 -0.0024086 0.010778 0.00328345 -0.00984282 0.00951883 -0.0149327 -0.0369821 0.000404782 0.0152507 0.0141471 0.0117052 0.0227249 0.0178329 0.00849059 -0.012514 0.0105083 0.0276617 0.0137744 -0.000554529 -0.00320097 0.00193886 -0.00452554 0.00489023 -0.021036 -0.0402566 -0.0615827 0.0080956
internal_weight=1370.12 912.089 315.774 458.031 596.315 184.936 59.5583 125.378 23.8093 13.4787 311.359 101.568 411.378 348.423 72.287 63.3545 274.564 24.0633 250.501 62.9552 30.7578 416.568 29.2815 42.9286 36.6797 28.1451 41.4629 16.6297 9.64846 232.114
internal_count=5634 3322 1394 2312 1928 619 210 409 91 60 1336 318 1309 1132 211 189 900 81 819 177 92 1584 107 132 116 87 728 78 41 765
is_linear=0
shrinkage=0.05


Tree=58
num_leaves=31
num_cat=0
split_feature=13 2 1 0 2 0 1 2 2 2 18 10 1 18 1 14 2 1 0 2 2 6 4 3 0 2 2 17 10 1
split_gain=9.55509 6.43292 8.567 5.72725 10.0063 6.14602 5.42725 8.20043 7.85876 6.70409 6.10089 5.57568 5.36217 5.22041 5.0864 5.49114 4.95622 9.85351 4.87936 4.81049 8.39506 8.95459 4.76984 4.66622 10.146 19.4213 5.99776 5.40372 5.67959 7.22801
threshold=1.0000000180025095e-35 -0.94853466387777108 0.049233729452201579 0.98763414293964857 0.96484032231940964 1.312940861715552 0.62266109269471526 -0.31465751899476174 -0.23399063497410458 -0.87720549624245492 2.5000000000000004 1.5000000000000002 -1.5034183640741989 1.5000000000000002 0.36042802933055534 1.5000000000000002 1.8313364606842952 1.2301123660572622 1.5569209007974796 1.365197658728075 2.0100164101049662 1.0000000180025095e-35 1.0000000180025095e-35 1.0000000180025095e-35 0.82498078355169691 0.43464478595975037 -0.99094986736459634 1.0000000180025095e-35 1.0000000180025095e-35 -0.33000839066621923
decision_type=2 2 2 2 2 2 2 2 2 2 2 2 2 2 2 2 2 2 2 2 2 2 2 2 2 2 2 2 2 2
left_child=1 2 22 23 12 16 10 9 -9 -8 13 14 -5 -3 15 -12 17 -6 19 -7 -21 -22 -1 -2 26 -26 -25 -28 -29 -30
right_child=3 6 -4 4 5 18 7 8 -10 -11 11 -13 -14 -15 -16 -17 -18 -19 -20 20 21 -23 -24 24 25 -27 27 28 29 -31
leaf_value=0.0022902632160602468 0.0059041590541668541 -0.0037043638614877653 0.034217132471304687 0.051881798257723412 -0.044136381891502693 0.05737113441656954 -0.015518588463753881 -0.049886344356693847 0.0062480685540471726 0.02691636068808656 -0.0068611183578726285 -0.038803550003879299 -0.054319987983415058 0.009014834397291456 -0.043664801372938843 0.039229571828767289 -0.057108046196234274 0.046055967585852786 -0.020520907728222643 -0.042083858487904635 0.036550364923461767 -0.031828918209594416 0.035406982134698797 0.016530388496259436 0.12216675220660303 -0.0097485686048494665 -0.02149016099678154 0.0067972315073841902 -0.0013703016630403969 -0.048640945903129569
leaf_weight=70.406184419989586 202.97576643154025 139.05326111242175 46.388979196548462 1.2798149865120674 7.5319423433393258 5.3599142506718627 10.484085179865358 6.3949160128831855 249.31583361327648 82.934123411774635 33.96595498919487 15.908062703907488 16.66684927046299 192.14814483746886 7.169143207371234 7.9804486483335486 8.6026854887604696 5.0644189417362213 14.617970079183577 7.0428702160716048 19.258622840046886 6.3718970008194438 12.858799681067465 22.236079219728708 4.4706347621977311 7.4227272272109985 71.021043054759502 55.857676234096289 21.703071536496282 12.889556307345627
leaf_count=195 956 514 179 24 70 25 41 22 753 246 105 86 353 550 25 19 45 13 251 76 59 31 31 58 28 34 471 172 129 73
internal_value=0.00358746 0.00671871 0.0169978 -0.00199986 -0.0132594 -0.00512158 0.00493066 0.0094759 0.00484424 0.022154 0.000925677 -0.0130768 -0.0467465 0.00367474 -0.0047442 0.0019078 -0.0278535 -0.00787418 0.00403102 0.0134675 0.00626528 0.0195509 0.00740455 0.000593357 -0.00491769 0.0398375 -0.00781517 -0.0111678 -0.0030627 -0.0189838
internal_weight=1365.38 875.008 129.654 490.374 91.797 73.8503 745.354 349.129 255.711 93.4182 396.225 65.0236 17.9467 331.201 49.1155 41.9464 21.199 12.5964 52.6513 38.0333 32.6734 25.6305 83.265 398.577 195.601 11.8934 183.707 161.471 90.4503 34.5926
internal_count=5634 2766 405 2868 947 570 2361 1062 775 287 1299 235 377 1064 149 124 128 83 442 191 166 90 226 1921 965 62 903 845 374 202
is_linear=0
shrinkage=0.05


Tree=59
num_leaves=31
num_cat=0
split_feature=17 18 1 1 16 11 8 2 6 15 2 0 18 0 1 0 1 9 2 5 2 3 2 2 5 18 2 2 0 15
split_gain=8.99047 9.03603 8.21686 7.43826 5.81771 5.41647 5.45498 7.62293 6.23233 5.42608 7.51225 5.42224 5.37659 5.30833 5.11462 4.69055 4.68289 7.25475 9.42743 4.20632 11.6657 4.20222 4.19831 5.56327 4.3128 4.04462 3.94633 17.2725 5.74435 4.49923
threshold=1.0000000180025095e-35 1.5000000000000002 -1.5117168787376218 -1.4801825230166152 1.5000000000000002 1.5000000000000002 1.0000000180025095e-35 0.11592106185634223 1.0000000180025095e-35 1.5000000000000002 1.9737421283350887 -1.0861961892567351 2.5000000000000004 1.5975842406444676 1.0093718760102164 -1.2488495486446869 -1.4901407406127227 1.5000000000000002 -0.68001489728143139 1.0000000180025095e-35 1.1547255314024898 1.0000000180025095e-35 1.1547255314024898 0.91137365685181615 1.0000000180025095e-35 2.5000000000000004 0.96484032231940964 0.81713962020069308 -0.27292939231697699 1.5000000000000002
decision_type=2 2 2 2 2 2 2 2 2 2 2 2 2 2 2 2 2 2 2 2 2 2 2 2 2 2 2 2 2 2
left_child=2 3 -1 -2 -4 14 7 -7 11 -10 -11 -8 22 26 15 -3 21 -18 -19 -16 -21 -17 23 -13 -24 -6 27 28 -5 -28
right_child=1 5 4 13 25 6 8 -9 9 10 -12 12 -14 -15 19 16 17 18 -20 20 -22 -23 24 -25 -26 -27 29 -29 -30 -31
leaf_value=-0.073157979591710998 -0.066389411140591423 0.022156872093244812 9.9944075922298386e-05 0.007662474954794417 -0.012084679311206803 0.0015173420614623986 0.047002259098325151 -0.038465032581776963 0.012995951980528629 -0.06207903119443392 0.016788977800868944 0.014796834004038296 -0.033522641100620969 -0.040606951937605773 0.039216980529149681 0.084952528117332948 0.0084635471500252007 -0.052860528183631711 0.055972818105790717 0.03061742309038748 -0.041933925740154483 0.013791105845544535 -0.029560789698063663 0.058758812130600316 0.011692489090947705 -0.05232019411903998 -0.017505533290637646 -0.074836127158631915 -0.0093054737958490463 0.014652976813783523
leaf_weight=4.0557965189218512 4.230796279385685 71.929038770496845 411.57074467092752 117.86933152750134 32.349520349875093 42.562612880021334 11.199628315865992 16.559451492503285 10.324463561177254 8.8603310436010343 4.5800406765192756 45.707124263048172 6.5471102744340888 7.7115576304495326 31.487409286201 3.642049200832842 252.10223623365164 9.8282827734947187 2.494909204542636 22.965055726468567 7.3024537451565257 4.8203253261744976 9.4654963854700345 8.5411857813596708 19.159585570916533 7.74046074040234 12.646150924265383 7.9064517058432093 86.472777392715216 77.720773212611675
leaf_count=36 58 232 1558 359 513 132 33 78 31 44 16 131 33 137 85 22 750 63 39 62 30 26 35 19 67 205 80 55 412 293
internal_value=0.00341962 0.00630462 -0.00230735 -0.000539638 -0.00167113 0.00995315 0.00282272 -0.00968129 0.00876607 -0.0142635 -0.0352034 0.0142053 0.0100976 0.000358115 0.0131715 0.0107982 0.00780422 0.00663249 -0.0308265 0.026423 0.0131134 0.0444177 0.0135436 0.0217185 -0.00194879 -0.0198532 0.00140203 -0.00232363 0.000482038 0.0101526
internal_weight=1360.35 904.637 455.717 314.558 451.661 590.079 183.507 59.1221 124.385 23.7648 13.4404 100.62 89.4205 310.327 406.572 344.817 272.888 264.425 12.3232 61.7549 30.2675 8.46237 82.8734 54.2483 28.6251 40.09 302.615 212.249 204.342 90.3669
internal_count=5634 3322 2312 1394 2276 1928 619 210 409 91 60 318 285 1336 1309 1132 900 852 102 177 92 48 252 150 102 718 1199 826 771 373
is_linear=0
shrinkage=0.05


Tree=60
num_leaves=31
num_cat=0
split_feature=0 0 4 18 0 2 0 12 2 18 14 2 2 0 0 2 11 1 2 2 1 1 1 1 3 2 2 2 2 7
split_gain=8.47369 8.10508 8.02026 8.30821 10.2582 7.92975 7.2517 12.0022 12.4174 6.40917 6.74988 6.18981 5.98296 8.03716 7.99427 6.24942 5.99564 5.97192 6.54001 7.21016 10.3353 6.4114 6.63551 12.8784 6.48903 5.4701 5.46132 12.0016 5.21668 6.7849
threshold=1.1096241624806125 1.312940861715552 1.0000000180025095e-35 2.5000000000000004 0.66232742416374524 0.41194864236902767 -1.2488495486446869 1.5000000000000002 0.073450930626073926 1.0000000180025095e-35 1.0000000180025095e-35 -0.96913256766896427 1.1818488511147331 -0.27292939231697699 -0.15093937277601327 1.1353909657104899 1.5000000000000002 -0.3432860141276956 1.0392015013927896 1.365197658728075 0.4583505023589442 0.82514485048223063 0.9861360349526328 1.2301123660572622 1.0000000180025095e-35 1.1353909657104899 1.0864283752052375 1.002323014445037 -0.97781115113298711 1.0000000180025095e-35
decision_type=2 2 2 2 2 2 2 2 2 2 2 2 2 2 2 2 2 2 2 2 2 2 2 2 2 2 2 2 2 2
left_child=2 9 3 12 6 -3 -5 -8 -9 -2 -11 -4 13 28 -15 26 -14 -7 -19 20 25 -21 -23 -24 -25 -20 27 -16 29 -1
right_child=1 5 11 4 -6 17 7 8 -10 10 -12 -13 16 14 15 -17 -18 18 19 21 -22 22 23 24 -26 -27 -28 -29 -30 -31
leaf_value=0.024956151199477056 -0.064519866751034868 -0.053339251175847716 0.047207790497138281 0.0095866269418169066 -0.063974297674406891 0.074750960290230331 -0.016557789786468307 0.026950159056924973 -0.057932076359933742 -0.065678198149831252 -0.0055265287245778918 0.010912193702871926 0.051897321474782411 -0.033789135442200781 0.0014596944874280379 -0.052640231653174677 0.011730347016344126 -0.056525305910560479 0.053696068592799399 -0.037509143023515004 0.10974302101727539 0.046996368201802093 -0.053312234817238895 -0.013902908103373347 0.022095436858912802 -0.032368132855142714 0.050999182336285344 -0.077086671995306555 0.0095474994843363133 -0.02442966440579971
leaf_weight=9.6417015790939313 8.948652368038891 6.7504092250019303 12.377252370119093 72.964522253721952 7.2373096048831931 2.7916379962116471 128.80394278280437 32.348535869270563 4.9706739895045748 5.707068698480728 25.513041794300079 230.51064911857247 12.686039082705973 19.991865938529372 188.93820928782225 5.6244580373167983 34.709710065275431 4.7685018237680188 3.4274630565196258 10.801388897001742 3.686300240457058 7.9137906972318879 10.101504899561403 20.302869167178869 32.650657778605819 4.0019564442336559 5.2752898000180712 4.9917463138699523 412.03098621219397 24.955514151602983
leaf_count=26 83 184 32 207 89 20 683 112 29 48 153 694 33 95 882 23 99 73 30 140 10 65 69 131 138 32 14 26 1336 78
internal_value=0.00325981 -0.00805938 0.00464059 0.00259687 -0.00532788 -0.00088135 -0.00355262 -0.00932364 0.0156444 -0.027215 -0.0165223 0.0127618 0.00531242 0.0041005 -0.00360975 -0.000664173 0.0224815 0.00264405 0.000582734 0.0035145 0.0412975 -0.00162166 0.00384038 -0.00157596 0.00829334 0.00733643 0.000803344 -0.000562085 0.00798165 -0.0106666
internal_weight=1355.42 147.365 1208.06 965.171 246.325 107.196 239.088 166.123 37.3192 40.1688 31.2201 242.888 718.846 671.45 224.822 204.83 47.3957 100.446 97.6544 92.8859 11.1157 81.7702 70.9688 63.055 52.9535 7.42942 199.205 193.93 446.628 34.5972
internal_count=5634 1176 4458 3732 1120 892 1031 824 141 284 201 726 2612 2480 1040 945 132 708 688 615 72 543 403 338 269 62 922 908 1440 104
is_linear=0
shrinkage=0.05


Tree=61
num_leaves=31
num_cat=0
split_feature=17 18 1 16 0 11 2 0 1 3 1 1 1 1 8 8 2 1 4 0 1 9 0 12 18 5 2 16 1 1
split_gain=7.85659 8.13716 6.91441 4.98917 4.86993 4.79416 5.00339 7.18333 7.05314 10.4485 6.0855 4.75758 4.7529 4.93121 8.73167 4.67522 4.31858 4.6865 5.19697 4.19484 4.37922 6.36867 9.3175 4.04876 3.9612 3.79225 10.6243 4.94867 3.70573 4.87175
threshold=1.0000000180025095e-35 1.5000000000000002 -1.4801825230166152 1.5000000000000002 1.5975842406444676 1.5000000000000002 0.35512039900271147 0.25569402569386596 0.47494753168578974 1.0000000180025095e-35 -0.50261749566541292 1.0093718760102164 0.65419544841572186 0.98115692615457883 1.5000000000000002 1.0000000180025095e-35 1.1547255314024898 1.025968905337062 1.0000000180025095e-35 -1.2488495486446869 -1.4901407406127227 1.5000000000000002 -1.0000000180025095e-35 1.5000000000000002 2.5000000000000004 1.0000000180025095e-35 1.1547255314024898 1.0000000180025095e-35 -1.4967795523434608 -1.5117168787376218
decision_type=2 2 2 2 2 2 2 2 2 2 2 2 2 2 2 2 2 2 2 2 2 2 2 2 2 2 2 2 2 2
left_child=3 2 -2 28 -4 11 8 -8 9 -7 -11 19 -10 14 -14 -9 23 -18 -19 -3 -21 -22 -23 -17 -5 27 -27 -13 29 -1
right_child=1 5 4 24 -6 6 7 15 12 10 -12 25 13 -15 -16 16 17 18 -20 20 21 22 -24 -25 -26 26 -28 -29 -30 -31
leaf_value=-0.073812396281821888 -0.065679344162426642 0.020918730338059813 0.0011438170656128048 -0.011618245315935791 -0.039805216056896159 -0.029605600645063391 -0.048606526562303513 -0.029123949424301521 0.047673427193278897 0.051311555332411385 0.00065201297726839727 0.026674756304745296 -0.043232775076004044 0.030570422435994102 0.026736497427240952 -0.00036433983084310437 -0.044225701801613448 0.014820542227659245 -0.031266598014863485 0.042376448158679261 0.0077907326198578368 -0.051568399126833801 0.057534780264284102 0.042410814094897852 -0.052146355640810965 0.029427563224126426 -0.040191875755405497 0.074456351960678444 0.00048494879565852926 -0.010223871833820633
leaf_weight=3.5926385931670692 4.0401956569403401 70.511320643126965 301.42160059884191 31.971286319196224 7.4398535117506972 21.618078768253326 9.0709069818258268 12.557954953983424 14.019649587571619 8.7496784850955027 18.382692165672779 23.833456657826904 8.2551705092191696 20.209185145795345 9.6958493068814278 10.612161610275507 6.5791114252060643 22.438614018261433 8.4093266762793082 8.5824762955307943 250.64735236018896 9.6223177313804609 2.4564485214650622 11.555831912904978 7.4303190410137168 22.581407353281978 7.2360087819397441 7.0134480595588675 391.8685829937458 18.639838613569736
leaf_count=26 58 232 1199 516 137 84 31 60 35 22 58 70 29 58 29 36 39 74 30 48 750 64 38 34 212 62 30 15 1464 94
internal_value=0.00310464 0.00581493 -0.00069265 -0.00225937 0.000157437 0.00929782 0.00256747 -0.00666997 0.0100013 -0.00367321 0.0169888 0.0123438 0.0227771 0.0136305 -0.00544041 -0.00139781 0.00444469 -0.00591402 0.00225692 0.0100537 0.00722994 0.00608181 -0.0293802 0.0219337 -0.019261 0.0252477 0.0125325 0.0375385 -0.00064167 -0.0204994
internal_weight=1351.04 897.54 312.902 453.503 308.861 584.638 182.154 81.2239 100.93 48.7504 27.1324 402.484 52.1799 38.1602 17.951 72.153 59.595 37.4271 30.8479 341.82 271.309 262.726 12.0788 22.168 39.4016 60.6643 29.8174 30.8469 414.101 22.2325
internal_count=5634 3322 1394 2312 1336 1928 619 304 315 164 80 1309 151 116 58 273 213 143 104 1132 900 852 102 70 728 177 92 85 1584 120
is_linear=0
shrinkage=0.05


Tree=62
num_leaves=31
num_cat=0
split_feature=0 0 2 4 18 0 0 12 2 18 14 2 2 2 6 0 2 1 2 2 1 1 1 1 1 3 6 0 8 18
split_gain=7.24577 7.64522 7.52264 7.07917 7.43886 9.5766 6.34197 10.7418 11.3116 6.15657 6.30686 5.79172 5.46146 7.30322 5.72631 12.1272 5.52803 5.08576 6.205 6.43261 8.8507 5.92619 5.9849 11.7644 6.12666 5.97296 5.06139 6.29347 4.97909 7.85644
threshold=1.1096241624806125 1.312940861715552 0.41194864236902767 1.0000000180025095e-35 2.5000000000000004 0.66232742416374524 -1.2488495486446869 1.5000000000000002 0.073450930626073926 1.0000000180025095e-35 1.0000000180025095e-35 -0.96913256766896427 1.1818488511147331 0.4619548599997006 1.0000000180025095e-35 0.82498078355169691 0.50427119354832806 -0.3432860141276956 1.0392015013927896 1.365197658728075 0.4583505023589442 0.82514485048223063 0.9861360349526328 1.2301123660572622 1.3081184038934364 1.0000000180025095e-35 1.0000000180025095e-35 0.052377326458926309 1.0000000180025095e-35 1.5000000000000002
decision_type=2 2 2 2 2 2 2 2 2 2 2 2 2 2 2 2 2 2 2 2 2 2 2 2 2 2 2 2 2 2
left_child=3 9 -3 4 12 6 -6 -8 -9 -2 -11 -5 13 -1 -14 -16 -15 -4 -19 20 -20 -21 -23 -24 -25 -26 28 -28 -13 -30
right_child=1 2 17 11 5 -7 7 8 -10 10 -12 26 14 16 15 -17 -18 18 19 21 -22 22 23 24 25 -27 27 -29 29 -31
leaf_value=0.0057120392200375181 -0.063765062778981238 -0.053210946635639057 0.068082413881571199 0.04579458684209315 0.0088062375143405768 -0.063301522137285071 -0.015804911433886081 0.025450699755601453 -0.056327353265852823 -0.064623951089287313 -0.0054459640255255463 0.0012526883738915476 0.031208691685680041 -0.0573803291430817 0.041276468333183124 -0.060681153584519233 -0.0065592849052186365 -0.056223982014947785 0.0073342168238012956 -0.036385980357528658 0.10118016361902149 0.04455135314718691 -0.051357537911432438 0.046803216942730652 -0.022421489753022005 0.015241197422775488 -0.053279736139305527 0.017302460963634348 -0.0018250549852537219 0.024465744836291138
leaf_weight=583.79056948237121 8.6026295926421863 6.3839588947594157 2.8944870084524146 11.977343261241911 72.430226856842637 6.8957747910171738 128.0562411211431 32.274338632822037 4.8661103174090377 5.472232939675453 25.400849021971226 72.546352583914995 35.7518495246768 5.7404316253960124 5.8989119529724103 5.7684856057167053 78.845053549855947 4.5432758741080752 7.4176031537353975 10.468318080529569 3.7991995364427567 8.0343500692397338 9.8818248584866506 8.5598893575370294 17.225172016769648 27.071895750239491 6.8106338679790479 5.8890422731637955 39.015166025608778 104.59421440213919
leaf_count=2148 83 184 20 32 207 89 683 112 29 48 153 229 90 30 15 27 302 73 62 140 10 65 69 27 121 121 24 18 128 295
internal_value=0.0029586 -0.007569 -0.000590032 0.00423609 0.00231383 -0.0052154 -0.00352978 -0.00893849 0.0147362 -0.0263584 -0.0159352 0.0119011 0.00488589 0.00372257 0.0212828 -0.00913247 -0.0100083 0.00277276 0.000823949 0.00362721 0.0391204 -0.00127325 0.00392041 -0.00128281 0.00807887 0.000595843 0.0101272 -0.0205496 0.0119296 0.0173232
internal_weight=1346.91 145.756 106.28 1201.15 960.318 244.523 237.627 165.197 37.1404 39.4757 30.8731 240.833 715.795 668.376 47.4192 11.6674 84.5855 99.896 97.0015 92.4583 11.2168 81.2415 70.7731 62.7388 52.857 44.2971 228.855 12.6997 216.156 143.609
internal_count=5634 1176 892 4458 3732 1120 1031 824 141 284 201 726 2612 2480 132 42 332 708 688 615 72 543 403 338 269 242 694 42 652 423
is_linear=0
shrinkage=0.05


Tree=63
num_leaves=31
num_cat=0
split_feature=17 2 1 9 8 2 1 11 2 2 18 2 1 16 0 0 4 18 16 9 4 1 2 7 1 2 2 2 15 8
split_gain=6.88 7.26981 9.09774 6.46779 5.83059 5.78049 8.8521 6.6755 6.4224 8.49122 4.89256 6.44909 4.83174 5.09268 4.69605 5.22369 6.26338 4.68132 4.22784 4.21073 5.13009 9.19153 7.79128 5.15996 3.9666 3.50751 5.31716 11.8416 5.92317 4.35175
threshold=1.0000000180025095e-35 -0.45278980820567594 0.85833890913592181 1.0000000180025095e-35 1.5000000000000002 -0.34371429527620506 0.52639832259901087 1.5000000000000002 0.30159880579167492 1.3028326988226859 1.5000000000000002 0.70786636739482656 1.6715933461513537 1.5000000000000002 1.0689608226336247 1.35360420156254 1.0000000180025095e-35 1.5000000000000002 1.5000000000000002 1.0000000180025095e-35 1.0000000180025095e-35 0.028487442793644405 0.073450930626073926 1.0000000180025095e-35 -0.13250374167675719 -0.5042900604580034 -0.57881602276171273 -0.54811141417697395 1.0000000180025095e-35 1.0000000180025095e-35
decision_type=2 2 2 2 2 2 2 2 2 2 2 2 2 2 2 2 2 2 2 2 2 2 2 2 2 2 2 2 2 2
left_child=12 2 25 5 -4 -3 7 10 -9 24 11 -7 13 -1 18 16 17 -16 -5 20 21 22 -15 -24 -10 26 29 -28 -29 -2
right_child=1 3 4 14 -6 6 -8 8 9 -11 -12 -13 -14 19 15 -17 -18 -19 -20 -21 -22 -23 23 -25 -26 -27 27 28 -30 -31
leaf_value=-0.0010834172257571364 0.0040012587866423439 -0.048671956639450911 0.011310870249992326 0.0059654028795206454 0.05024377402007503 -0.057581662277425977 -0.059578316182001614 0.025906640575737307 0.0078217474752860106 0.065596450161607464 -0.0014765698167531216 0.024147328302957557 0.053863956664293916 -0.053074783753429611 -0.033871289216574174 0.0039486222070097571 -0.057192193738928504 0.0084258487729832517 0.039840856437405064 -0.033945979124509931 0.076407158386757032 -0.053603263502422865 0.010387569224630012 0.11847836996667616 -0.047454729931335919 0.029224281763196164 -0.069697560055306043 0.031348563981451832 -0.030991889818975018 0.015981707327355762
leaf_weight=410.41407406702638 207.17569235153496 8.999072562903164 17.085815578699112 291.80071385204792 21.997648365795612 11.482494894415138 7.1949845049530259 27.563293509185314 4.9286070447415105 2.8694816473871461 18.15148856677115 3.056143030524253 3.809046793729066 1.9038529358804188 11.037087548524143 52.937142100185156 8.8778326734900457 16.060808731243014 9.5108214393258077 22.570817725732923 1.9317760057747371 6.3444830328226089 2.0767578575760126 2.3574112206697464 9.5034941937774438 18.246728286147118 7.1893135961145189 9.9454085007309931 6.1766304671764365 119.52954997122288
leaf_count=1579 720 45 57 812 80 78 107 106 35 16 75 25 13 39 68 325 41 52 46 463 19 137 38 24 93 61 34 27 32 387
internal_value=0.00281766 0.00536472 0.0102867 0.00122199 0.0332238 -0.0105706 -0.00652491 -0.001603 0.0109187 -0.0129588 -0.0187881 -0.0404015 -0.00221158 -0.00268878 0.0040551 -0.00604219 -0.0207434 -0.00880195 0.00703467 -0.0204072 0.000502566 -0.0110591 0.0315285 0.0678537 -0.0285776 0.00785245 0.00673831 -0.0163323 0.00746486 0.00838447
internal_weight=1342.73 891.32 407.347 483.973 39.0835 93.7491 84.75 77.555 44.8649 17.3016 32.6901 14.5386 451.408 447.599 390.224 88.9129 35.9757 27.0979 301.312 37.1851 14.6143 12.6825 6.33802 4.43417 14.4321 368.263 350.017 23.3114 16.122 326.705
internal_count=5634 3322 1398 1924 137 580 535 428 250 144 178 103 2312 2299 1344 486 161 120 858 720 257 238 101 62 128 1261 1200 93 59 1107
is_linear=0
shrinkage=0.05


Tree=64
num_leaves=31
num_cat=0
split_feature=13 2 1 1 2 2 2 18 10 1 1 1 14 2 0 2 1 0 2 2 3 0 2 2 2 1 0 1 0 0
split_gain=6.3783 5.0223 7.96284 4.75118 6.45598 7.42914 6.24318 4.76769 4.93918 4.62672 5.82405 4.62516 4.91577 4.59177 4.30903 8.62293 5.15134 5.13361 4.44909 8.34269 4.27773 9.54227 15.7535 5.25371 7.65761 4.47284 4.01135 16.8602 5.32272 6.41116
threshold=1.0000000180025095e-35 -0.94853466387777108 0.049233729452201579 0.62266109269471526 -0.31465751899476174 -0.23399063497410458 -0.87720549624245492 2.5000000000000004 1.5000000000000002 1.3894438475949793 1.5006439440848449 0.36042802933055534 1.5000000000000002 -0.84721494832247746 0.98763414293964857 0.96484032231940964 -1.5034183640741989 1.312940861715552 1.8313364606842952 1.7132857544762081 1.0000000180025095e-35 0.82498078355169691 0.43464478595975037 -0.99094986736459634 -0.99081804078033253 -1.4934601464780917 0.62166408431675724 1.4068707283881674 0.82498078355169691 0.9063074632456728
decision_type=2 2 2 2 2 2 2 2 2 2 2 2 2 2 2 2 2 2 2 2 2 2 2 2 2 2 2 2 2 2
left_child=1 2 -1 7 6 -6 -5 -3 11 -7 -11 12 -9 -10 20 16 -16 18 19 -17 26 23 -23 25 -25 -22 -2 28 -28 -30
right_child=14 3 -4 4 5 9 -8 8 13 10 -12 -13 -14 -15 15 17 -18 -19 -20 -21 21 22 -24 24 -26 -27 27 -29 29 -31
leaf_value=0.0053425374712762633 0.0077639438336929399 0.0023835902050310109 0.031929073518743196 -0.017094614154449427 -0.049231869787432055 0.0069981681778870531 0.0243415961693218 -0.0066033069588435581 -0.095498473699038966 -0.048201828033068994 0.017337544673995255 -0.041748124180243706 0.037169922992457242 -0.024408554465077083 0.05109293278972972 -0.032943296875104826 -0.053947332596147028 0.0037724078505256328 -0.054483697986866524 0.059529206353677123 -0.015099165690295655 0.10885994209002597 -0.008192966560756184 -0.096542695915109902 -0.0096485645163064057 0.031855677991060254 -0.072878510062805366 0.059739777153870827 0.031661034479335229 -0.064082949709621986
leaf_weight=81.249333471059799 180.68431133963168 327.44150619953871 43.104688920080662 10.274273708462713 6.4080911576747885 231.81432551145554 78.895614854991436 33.89367213845253 2.7615042403340331 8.6109477169811708 5.5903146937489501 7.1845631301403037 7.910749875009059 12.800060883164404 1.2695859391242255 8.5643736999481934 14.47451560385525 51.434428488835692 8.1591425426304323 3.4102615863084784 7.9137489125132587 4.7563544884324056 7.2648158501833677 2.5772730447351924 156.18903299234807 14.123117841780184 7.5594521965831536 5.3888416141271582 3.7947773523628712 3.2423927839845419
leaf_count=226 813 1064 179 41 22 697 246 105 13 39 17 25 19 73 24 75 353 442 45 8 23 28 34 12 833 35 73 12 25 33
internal_value=0.00268301 0.00526664 0.0145582 0.00369158 0.00800209 0.00391664 0.0195673 -6.4732e-05 -0.0124842 0.00530102 -0.0224023 -0.00468902 0.00168001 -0.0370239 -0.00192715 -0.0119758 -0.045477 -0.00460592 -0.0260095 -0.00660801 0.00030253 -0.00501571 0.0381208 -0.00788375 -0.0110591 0.0149935 0.00541284 -0.015843 -0.0437469 -0.0124532
internal_weight=1338.75 857.94 124.354 733.586 341.594 252.424 89.1699 391.992 64.5506 246.016 14.2013 48.989 41.8044 15.5616 480.806 87.3123 15.7441 71.5682 20.1338 11.9746 393.494 192.824 12.0212 180.803 158.766 22.0369 200.67 19.9855 14.5966 7.03717
internal_count=5634 2766 405 2361 1062 775 287 1299 235 753 56 149 124 86 2868 947 377 570 128 83 1921 965 62 903 845 58 956 143 131 58
is_linear=0
shrinkage=0.05


Tree=65
num_leaves=31
num_cat=0
split_feature=17 18 1 0 1 1 16 11 1 1 16 4 1 2 2 3 16 10 8 6 1 2 2 2 9 4 1 2 1 7
split_gain=6.04917 6.54564 6.46554 4.41912 4.35416 4.31606 4.52813 4.0518 6.36097 6.10592 6.87702 9.41149 7.16192 3.92113 15.67 5.316 8.4373 7.57206 6.74551 8.52951 6.31385 4.61293 5.05038 4.16335 3.91688 4.46274 8.5651 6.81621 3.78589 3.75497
threshold=1.0000000180025095e-35 1.5000000000000002 -1.4801825230166152 1.5975842406444676 1.510602161680952 1.6715933461513537 1.5000000000000002 1.5000000000000002 1.0093718760102164 1.4649603310321269 1.0000000180025095e-35 1.0000000180025095e-35 -0.33664720239695745 0.96484032231940964 0.81713962020069308 1.0000000180025095e-35 1.0000000180025095e-35 1.5000000000000002 1.0000000180025095e-35 1.0000000180025095e-35 0.9861360349526328 0.50427119354832806 0.15438146781525833 -0.44547343277904405 1.0000000180025095e-35 1.0000000180025095e-35 0.028487442793644405 0.073450930626073926 0.68407010120404355 1.0000000180025095e-35
decision_type=2 2 2 2 2 2 2 2 2 2 2 2 2 2 2 2 2 2 2 2 2 2 2 2 2 2 2 2 2 2
left_child=5 2 -2 13 7 6 -1 8 -3 10 -9 12 -12 14 15 16 21 -17 19 -18 -19 22 23 28 25 26 27 -8 -4 -29
right_child=1 4 3 -5 -6 -7 24 9 -10 -11 11 -13 -14 -15 -16 17 18 20 -20 -21 -22 -23 -24 -25 -26 -27 -28 29 -30 -31
leaf_value=-0.001120334589173494 -0.065271825608856013 0.0088410484764404242 0.015405639422426577 -0.039004941494557632 -0.025521344915580293 0.050779512254454498 -0.052939124769800089 0.0056430668821052833 0.026837163145033996 0.048996115922295802 0.065101192322743862 -0.086879608339558115 -0.0172879564117683 0.009597501535414962 -0.073912887406305167 -0.0020881692058428224 -0.039643615180754127 -0.055579746951573951 -0.054134364190677499 0.058588389093882455 0.01262760992385646 -0.021612743567445497 0.050378125585910774 -0.0023179254613928781 -0.032926478363020234 0.069705316304191134 -0.0534186658979377 0.011071527633347927 0.054031759837912009 0.1016280032478846
leaf_weight=409.57007247582078 3.8525849767029277 336.51788743399084 35.081929259002202 7.1263049971312276 9.4651925880461913 3.816354749724268 1.8045390956103782 130.1552531644702 57.491572398692369 6.7162657491862765 2.9183669947087791 4.4960518404841414 27.429499635472894 89.47404295951128 7.491977881640195 76.560497339814901 4.641036659479143 13.333311764523389 9.1166319921612722 4.2184268161654472 4.5509873628616324 8.4302167892456037 10.074796907603739 28.32552050054074 21.818322429433465 2.0124765001237384 6.0207185335457325 2.0523498337715864 7.7440810352563849 2.5885745827108622
leaf_count=1579 58 1132 94 137 39 13 39 387 170 19 15 23 143 373 55 276 36 89 89 21 13 26 23 83 463 19 137 38 21 24
internal_value=0.00255526 0.00495422 -0.00090219 -9.22163e-05 0.00811077 -0.00216717 -0.00262036 0.00867348 0.0114669 0.00226374 0.000361509 -0.0193671 -0.0093651 0.000835087 -0.00290596 -0.000273392 0.00732323 -0.00893078 -0.0239407 0.00712948 -0.0382231 0.0135916 0.0172454 0.0125539 -0.0195464 0.000616435 -0.0105369 0.029519 0.0223903 0.0615813
internal_weight=1334.9 885.212 310.022 306.17 575.19 449.683 445.867 565.725 394.009 171.715 164.999 34.8439 30.3479 299.043 209.569 202.077 107.633 94.4448 17.9761 8.85946 17.8843 89.6565 81.2263 71.1515 36.297 14.4787 12.4662 6.44546 42.826 4.64092
internal_count=5634 3322 1394 1336 1928 2312 2299 1889 1302 587 568 181 158 1199 826 771 393 378 146 57 102 247 221 198 720 257 238 101 115 62
is_linear=0
shrinkage=0.05


Tree=66
num_leaves=31
num_cat=0
split_feature=13 2 1 8 10 2 0 12 0 1 1 5 1 1 0 0 0 14 3 4 0 2 1 0 18 2 1 3 0 2
split_gain=5.50105 4.57814 7.47859 4.58668 4.72492 8.94734 6.60679 6.04059 6.00678 5.69914 8.3907 4.9332 4.75515 4.65647 4.72997 4.65247 6.63692 4.59509 4.14691 3.97887 3.87104 8.02721 4.92327 4.74055 4.43068 5.91404 9.66887 3.78664 8.52876 12.9976
threshold=1.0000000180025095e-35 -0.94853466387777108 0.049233729452201579 1.0000000180025095e-35 1.5000000000000002 -0.81196232258064327 -0.15093937277601327 1.5000000000000002 -1.0861961892567351 1.3761662241335031 1.5006439440848449 1.0000000180025095e-35 -0.29847403494521257 0.80688811822270068 -0.51690943139890444 0.29635736554085385 0.94697080309266057 1.5000000000000002 1.0000000180025095e-35 1.0000000180025095e-35 0.98763414293964857 0.96484032231940964 -1.5034183640741989 1.312940861715552 1.0000000180025095e-35 1.8313364606842952 1.2301123660572622 1.0000000180025095e-35 0.82498078355169691 0.43464478595975037
decision_type=2 2 2 2 2 2 2 2 2 2 2 2 2 2 2 2 2 2 2 2 2 2 2 2 2 2 2 2 2 2
left_child=1 2 19 -3 8 -6 13 12 -5 11 -11 -9 -8 14 -7 -14 -17 -18 -13 -1 27 22 -22 24 -23 26 -26 -2 -29 -30
right_child=20 3 -4 4 5 6 7 9 -10 10 -12 18 15 -15 -16 16 17 -19 -20 -21 21 23 -24 -25 25 -27 -28 28 29 -31
leaf_value=0.00027382750637235435 0.0050651169026323826 -0.0015903155163001831 0.030946171547409935 0.028259035178729769 -0.06541781570248166 -0.01652112532488836 -0.070705037220628195 -0.018023395517672982 0.007072594157856194 -0.065574762231160474 0.020415229756037049 -0.00070486573780721023 -0.051226055757753908 0.045812088430875267 0.031897994170673592 0.021939592907900582 -0.00039389158239645767 -0.0772741700424871 0.044833181627045013 0.031492608605423238 0.048123978673699858 -0.06632127790741825 -0.053763779715532839 0.0035350084063949178 -0.032820390687519747 -0.049566556153575088 0.072846739134746721 -0.0075159905764442181 0.096993391683196206 -0.0075145924867811272
leaf_weight=68.877605676651001 199.81333987414837 286.73044129833579 41.808833263814449 37.690172374248505 5.3810854330658904 11.052096053957941 4.7243079915642765 7.6738775745034244 297.7565590441227 6.0413324255496246 5.3483871631324291 7.7704300694167623 6.8926531523466137 11.1256727874279 9.2782090939581412 10.934229306876661 3.9224607981741419 3.852522149682045 14.019001707434654 11.981728613376616 1.2990511991083611 4.9359537642449167 13.579481674358247 51.295919949188828 4.8158614896237832 6.065167684108018 3.9328304976224899 179.94455252960324 5.0604126118123514 7.2197094466537237
leaf_count=195 956 911 179 124 22 34 31 35 896 31 16 37 26 28 30 32 24 25 59 31 24 35 353 442 52 33 8 903 28 34
internal_value=0.00243289 0.00483942 0.0137772 0.00333793 0.00652439 -0.00257067 0.000724356 -0.00770884 0.00945306 0.00484076 -0.0251956 0.016452 -0.0246147 0.0198072 0.00557607 -0.0161096 -0.00317239 -0.0384882 0.0285936 0.00489982 -0.00186124 -0.0114728 -0.0448679 -0.00447911 -0.0252941 -0.0116238 0.0146805 0.000245358 -0.00476468 0.0355512
internal_weight=1330.82 852.862 122.668 730.193 443.463 108.016 102.635 71.1792 335.447 40.853 11.3897 29.4633 30.3262 31.456 20.3303 25.6019 18.7092 7.77498 21.7894 80.8593 477.962 85.9243 14.8785 71.0457 19.7498 14.8139 8.74869 392.038 192.225 12.2801
internal_count=5634 2766 405 2361 1450 430 408 316 1020 178 47 131 138 92 64 107 81 49 96 226 2868 947 377 570 128 93 60 1921 965 62
is_linear=0
shrinkage=0.05


end of trees

feature_importances:
MonthlyCharges=440
TotalCharges=383
tenure=359
PaymentMethod=131
Contract=104
OnlineSecurity=63
PaperlessBilling=59
gender=58
MultipleLines=58
TechSupport=56
OnlineBackup=54
InternetService=49
StreamingMovies=42
SeniorCitizen=36
DeviceProtection=31
Dependents=29
StreamingTV=25
Partner=23
PhoneService=10

parameters:
[boosting: gbdt]
[objective: binary]
[metric: auc]
[tree_learner: serial]
[device_type: cpu]
[data_sample_strategy: bagging]
[data: ]
[valid: ]
[num_iterations: 500]
[learning_rate: 0.05]
[num_leaves: 31]
[num_threads: 0]
[seed: 42]
[deterministic: 0]
[force_col_wise: 0]
[force_row_wise: 0]
[histogram_pool_size: -1]
[max_depth: -1]
[min_data_in_leaf: 20]
[min_sum_hessian_in_leaf: 0.001]
[bagging_fraction: 1]
[pos_bagging_fraction: 1]
[neg_bagging_fraction: 1]
[bagging_freq: 0]
[bagging_seed: 400]
[bagging_by_query: 0]
[feature_fraction: 1]
[feature_fraction_bynode: 1]
[feature_fraction_seed: 30056]
[extra_trees: 0]
[extra_seed: 12879]
[early_stopping_round: 0]
[early_stopping_min_delta: 0]
[first_metric_only: 0]
[max_delta_step: 0]
[lambda_l1: 0]
[lambda_l2: 0]
[linear_lambda: 0]
[min_gain_to_split: 0]
[drop_rate: 0.1]
[max_drop: 50]
[skip_drop: 0.5]
[xgboost_dart_mode: 0]
[uniform_drop: 0]
[drop_seed: 17869]
[top_rate: 0.2]
[other_rate: 0.1]
[min_data_per_group: 100]
[max_cat_threshold: 32]
[cat_l2: 10]
[cat_smooth: 10]
[max_cat_to_onehot: 4]
[top_k: 20]
[monotone_constraints: ]
[monotone_constraints_method: basic]
[monotone_penalty: 0]
[feature_contri: ]
[forcedsplits_filename: ]
[refit_decay_rate: 0.9]
[cegb_tradeoff: 1]
[cegb_penalty_split: 0]
[cegb_penalty_feature_lazy: ]
[cegb_penalty_feature_coupled: ]
[path_smooth: 0]
[interaction_constraints: ]
[verbosity: -1]
[saved_feature_importance_type: 0]
[use_quantized_grad: 0]
[num_grad_quant_bins: 4]
[quant_train_renew_leaf: 0]
[stochastic_rounding: 1]
[linear_tree: 0]
[max_bin: 255]
[max_bin_by_feature: ]
[min_data_in_bin: 3]
[bin_construct_sample_cnt: 200000]
[data_random_seed: 175]
[is_enable_sparse: 1]
[enable_bundle: 1]
[use_missing: 1]
[zero_as_missing: 0]
[feature_pre_filter: 1]
[pre_partition: 0]
[two_round: 0]
[header: 0]
[label_column: ]
[weight_column: ]
[group_column: ]
[ignore_column: ]
[categorical_feature: ]
[forcedbins_filename: ]
[precise_float_parser: 0]
[parser_config_file: ]
[objective_seed: 16083]
[num_class: 1]
[is_unbalance: 0]
[scale_pos_weight: 2.76856]
[sigmoid: 1]
[boost_from_average: 1]
[reg_sqrt: 0]
[alpha: 0.9]
[fair_c: 1]
[poisson_max_delta_step: 0.7]
[tweedie_variance_power: 1.5]
[lambdarank_truncation_level: 30]
[lambdarank_norm: 1]
[label_gain: ]
[lambdarank_position_bias_regularization: 0]
[eval_at: ]
[multi_error_top_k: 1]
[auc_mu_weights: ]
[num_machines: 1]
[local_listen_port: 12400]
[time_out: 120]
[machine_list_filename: ]
[machines: ]
[gpu_platform_id: -1]
[gpu_device_id: -1]
[gpu_use_dp: 0]
[num_gpu: 1]

end of parameters

pandas_categorical:null
